,Week,Applications
0,1976-01-05/1976-01-11,1379
1,1976-01-12/1976-01-18,1257
2,1976-01-19/1976-01-25,1384
3,1976-01-26/1976-02-01,1332
4,1976-02-02/1976-02-08,1298
5,1976-02-09/1976-02-15,1315
6,1976-02-16/1976-02-22,1305
7,1976-02-23/1976-02-29,1313
8,1976-03-01/1976-03-07,1394
9,1976-03-08/1976-03-14,1384
10,1976-03-15/1976-03-21,1475
11,1976-03-22/1976-03-28,1406
12,1976-03-29/1976-04-04,1464
13,1976-04-05/1976-04-11,1537
14,1976-04-12/1976-04-18,1374
15,1976-04-19/1976-04-25,1554
16,1976-04-26/1976-05-02,1567
17,1976-05-03/1976-05-09,1337
18,1976-05-10/1976-05-16,1562
19,1976-05-17/1976-05-23,1513
20,1976-05-24/1976-05-30,1557
21,1976-05-31/1976-06-06,1555
22,1976-06-07/1976-06-13,1365
23,1976-06-14/1976-06-20,1390
24,1976-06-21/1976-06-27,1391
25,1976-06-28/1976-07-04,1842
26,1976-07-05/1976-07-11,1206
27,1976-07-12/1976-07-18,1261
28,1976-07-19/1976-07-25,1307
29,1976-07-26/1976-08-01,1005
30,1976-08-02/1976-08-08,1203
31,1976-08-09/1976-08-15,1252
32,1976-08-16/1976-08-22,1255
33,1976-08-23/1976-08-29,1257
34,1976-08-30/1976-09-05,1509
35,1976-09-06/1976-09-12,1257
36,1976-09-13/1976-09-19,1254
37,1976-09-20/1976-09-26,1263
38,1976-09-27/1976-10-03,1311
39,1976-10-04/1976-10-10,1305
40,1976-10-11/1976-10-17,1339
41,1976-10-18/1976-10-24,1288
42,1976-10-25/1976-10-31,1296
43,1976-11-01/1976-11-07,1339
44,1976-11-08/1976-11-14,1311
45,1976-11-15/1976-11-21,1304
46,1976-11-22/1976-11-28,1309
47,1976-11-29/1976-12-05,1306
48,1976-12-06/1976-12-12,1399
49,1976-12-13/1976-12-19,1401
50,1976-12-20/1976-12-26,1393
51,1976-12-27/1977-01-02,1361
52,1977-01-03/1977-01-09,1484
53,1977-01-10/1977-01-16,1291
54,1977-01-17/1977-01-23,1290
55,1977-01-24/1977-01-30,1288
56,1977-01-31/1977-02-06,1101
57,1977-02-07/1977-02-13,1079
58,1977-02-14/1977-02-20,1052
59,1977-02-21/1977-02-27,1067
60,1977-02-28/1977-03-06,1081
61,1977-03-07/1977-03-13,1187
62,1977-03-14/1977-03-20,1283
63,1977-03-21/1977-03-27,1336
64,1977-03-28/1977-04-03,1353
65,1977-04-04/1977-04-10,1414
66,1977-04-11/1977-04-17,1392
67,1977-04-18/1977-04-24,1355
68,1977-04-25/1977-05-01,1357
69,1977-05-02/1977-05-08,1453
70,1977-05-09/1977-05-15,1456
71,1977-05-16/1977-05-22,1468
72,1977-05-23/1977-05-29,1468
73,1977-05-30/1977-06-05,1464
74,1977-06-06/1977-06-12,1502
75,1977-06-13/1977-06-19,1493
76,1977-06-20/1977-06-26,1516
77,1977-06-27/1977-07-03,1517
78,1977-07-04/1977-07-10,1524
79,1977-07-11/1977-07-17,1520
80,1977-07-18/1977-07-24,1519
81,1977-07-25/1977-07-31,1518
82,1977-08-01/1977-08-07,1539
83,1977-08-08/1977-08-14,1518
84,1977-08-15/1977-08-21,1518
85,1977-08-22/1977-08-28,1521
86,1977-08-29/1977-09-04,1536
87,1977-09-05/1977-09-11,1533
88,1977-09-12/1977-09-18,1521
89,1977-09-19/1977-09-25,1505
90,1977-09-26/1977-10-02,1532
91,1977-10-03/1977-10-09,1283
92,1977-10-10/1977-10-16,1278
93,1977-10-17/1977-10-23,1080
94,1977-10-24/1977-10-30,981
95,1977-10-31/1977-11-06,1086
96,1977-11-07/1977-11-13,1072
97,1977-11-14/1977-11-20,1074
98,1977-11-21/1977-11-27,1093
99,1977-11-28/1977-12-04,1072
100,1977-12-05/1977-12-11,1281
101,1977-12-12/1977-12-18,1323
102,1977-12-19/1977-12-25,1323
103,1977-12-26/1978-01-01,1323
104,1978-01-02/1978-01-08,1338
105,1978-01-09/1978-01-15,1322
106,1978-01-16/1978-01-22,1278
107,1978-01-23/1978-01-29,1277
108,1978-01-30/1978-02-05,1269
109,1978-02-06/1978-02-12,1187
110,1978-02-13/1978-02-19,1423
111,1978-02-20/1978-02-26,1425
112,1978-02-27/1978-03-05,1424
113,1978-03-06/1978-03-12,1281
114,1978-03-13/1978-03-19,1276
115,1978-03-20/1978-03-26,1278
116,1978-03-27/1978-04-02,1278
117,1978-04-03/1978-04-09,1254
118,1978-04-10/1978-04-16,1243
119,1978-04-17/1978-04-23,1240
120,1978-04-24/1978-04-30,1240
121,1978-05-01/1978-05-07,1252
122,1978-05-08/1978-05-14,1242
123,1978-05-15/1978-05-21,1273
124,1978-05-22/1978-05-28,1272
125,1978-05-29/1978-06-04,1357
126,1978-06-05/1978-06-11,1359
127,1978-06-12/1978-06-18,1350
128,1978-06-19/1978-06-25,1377
129,1978-06-26/1978-07-02,1432
130,1978-07-03/1978-07-09,1438
131,1978-07-10/1978-07-16,1446
132,1978-07-17/1978-07-23,1449
133,1978-07-24/1978-07-30,1491
134,1978-07-31/1978-08-06,1507
135,1978-08-07/1978-08-13,1487
136,1978-08-14/1978-08-20,1788
137,1978-08-21/1978-08-27,1630
138,1978-08-28/1978-09-03,1634
139,1978-09-04/1978-09-10,1786
140,1978-09-11/1978-09-17,1786
141,1978-09-18/1978-09-24,1890
142,1978-09-25/1978-10-01,1840
143,1978-10-02/1978-10-08,1340
144,1978-10-09/1978-10-15,1338
145,1978-10-16/1978-10-22,1339
146,1978-10-23/1978-10-29,1343
147,1978-10-30/1978-11-05,1339
148,1978-11-06/1978-11-12,1191
149,1978-11-13/1978-11-19,1078
150,1978-11-20/1978-11-26,1081
151,1978-11-27/1978-12-03,1081
152,1978-12-04/1978-12-10,1078
153,1978-12-11/1978-12-17,1067
154,1978-12-18/1978-12-24,1074
155,1978-12-25/1978-12-31,1118
156,1979-01-01/1979-01-07,1175
157,1979-01-08/1979-01-14,1161
158,1979-01-15/1979-01-21,1171
159,1979-01-22/1979-01-28,1215
160,1979-01-29/1979-02-04,1238
161,1979-02-05/1979-02-11,1249
162,1979-02-12/1979-02-18,1241
163,1979-02-19/1979-02-25,1237
164,1979-02-26/1979-03-04,1237
165,1979-03-05/1979-03-11,1243
166,1979-03-12/1979-03-18,1237
167,1979-03-19/1979-03-25,1241
168,1979-03-26/1979-04-01,1236
169,1979-04-02/1979-04-08,1240
170,1979-04-09/1979-04-15,1241
171,1979-04-16/1979-04-22,1239
172,1979-04-23/1979-04-29,1235
173,1979-04-30/1979-05-06,1238
174,1979-05-07/1979-05-13,1236
175,1979-05-14/1979-05-20,1242
176,1979-05-21/1979-05-27,1241
177,1979-05-28/1979-06-03,720
178,1979-06-04/1979-06-10,730
179,1979-06-11/1979-06-17,723
180,1979-06-18/1979-06-24,711
181,1979-06-25/1979-07-01,715
182,1979-07-02/1979-07-08,819
183,1979-07-09/1979-07-15,813
184,1979-07-16/1979-07-22,819
185,1979-07-23/1979-07-29,819
186,1979-07-30/1979-08-05,816
187,1979-08-06/1979-08-12,824
188,1979-08-13/1979-08-19,814
189,1979-08-20/1979-08-26,821
190,1979-08-27/1979-09-02,816
191,1979-09-03/1979-09-09,826
192,1979-09-10/1979-09-16,813
193,1979-09-17/1979-09-23,814
194,1979-09-24/1979-09-30,814
195,1979-10-01/1979-10-07,818
196,1979-10-08/1979-10-14,812
197,1979-10-15/1979-10-21,819
198,1979-10-22/1979-10-28,822
199,1979-10-29/1979-11-04,822
200,1979-11-05/1979-11-11,833
201,1979-11-12/1979-11-18,820
202,1979-11-19/1979-11-25,821
203,1979-11-26/1979-12-02,1179
204,1979-12-03/1979-12-09,1178
205,1979-12-10/1979-12-16,1178
206,1979-12-17/1979-12-23,1180
207,1979-12-24/1979-12-30,1182
208,1979-12-31/1980-01-06,1182
209,1980-01-07/1980-01-13,1181
210,1980-01-14/1980-01-20,1185
211,1980-01-21/1980-01-27,1177
212,1980-01-28/1980-02-03,1177
213,1980-02-04/1980-02-10,1185
214,1980-02-11/1980-02-17,1180
215,1980-02-18/1980-02-24,1182
216,1980-02-25/1980-03-02,1177
217,1980-03-03/1980-03-09,1179
218,1980-03-10/1980-03-16,1183
219,1980-03-17/1980-03-23,1182
220,1980-03-24/1980-03-30,1182
221,1980-03-31/1980-04-06,1191
222,1980-04-07/1980-04-13,1180
223,1980-04-14/1980-04-20,1175
224,1980-04-21/1980-04-27,1182
225,1980-04-28/1980-05-04,1181
226,1980-05-05/1980-05-11,1190
227,1980-05-12/1980-05-18,1178
228,1980-05-19/1980-05-25,1179
229,1980-05-26/1980-06-01,1234
230,1980-06-02/1980-06-08,1244
231,1980-06-09/1980-06-15,1235
232,1980-06-16/1980-06-22,1237
233,1980-06-23/1980-06-29,1236
234,1980-06-30/1980-07-06,1243
235,1980-07-07/1980-07-13,1237
236,1980-07-14/1980-07-20,1240
237,1980-07-21/1980-07-27,1235
238,1980-07-28/1980-08-03,1243
239,1980-08-04/1980-08-10,1239
240,1980-08-11/1980-08-17,1236
241,1980-08-18/1980-08-24,1235
242,1980-08-25/1980-08-31,1234
243,1980-09-01/1980-09-07,1245
244,1980-09-08/1980-09-14,1235
245,1980-09-15/1980-09-21,1402
246,1980-09-22/1980-09-28,1401
247,1980-09-29/1980-10-05,1398
248,1980-10-06/1980-10-12,1408
249,1980-10-13/1980-10-19,1397
250,1980-10-20/1980-10-26,1331
251,1980-10-27/1980-11-02,1312
252,1980-11-03/1980-11-09,1319
253,1980-11-10/1980-11-16,1311
254,1980-11-17/1980-11-23,1308
255,1980-11-24/1980-11-30,1311
256,1980-12-01/1980-12-07,1327
257,1980-12-08/1980-12-14,1327
258,1980-12-15/1980-12-21,1331
259,1980-12-22/1980-12-28,1356
260,1980-12-29/1981-01-04,1357
261,1981-01-05/1981-01-11,1363
262,1981-01-12/1981-01-18,1426
263,1981-01-19/1981-01-25,1422
264,1981-01-26/1981-02-01,1387
265,1981-02-02/1981-02-08,1400
266,1981-02-09/1981-02-15,1396
267,1981-02-16/1981-02-22,1399
268,1981-02-23/1981-03-01,1391
269,1981-03-02/1981-03-08,1401
270,1981-03-09/1981-03-15,1397
271,1981-03-16/1981-03-22,1391
272,1981-03-23/1981-03-29,1394
273,1981-03-30/1981-04-05,1391
274,1981-04-06/1981-04-12,1398
275,1981-04-13/1981-04-19,1397
276,1981-04-20/1981-04-26,1394
277,1981-04-27/1981-05-03,1398
278,1981-05-04/1981-05-10,1401
279,1981-05-11/1981-05-17,1395
280,1981-05-18/1981-05-24,1398
281,1981-05-25/1981-05-31,1394
282,1981-06-01/1981-06-07,1397
283,1981-06-08/1981-06-14,1399
284,1981-06-15/1981-06-21,1397
285,1981-06-22/1981-06-28,1389
286,1981-06-29/1981-07-05,1275
287,1981-07-06/1981-07-12,1278
288,1981-07-13/1981-07-19,1273
289,1981-07-20/1981-07-26,1273
290,1981-07-27/1981-08-02,1271
291,1981-08-03/1981-08-09,1277
292,1981-08-10/1981-08-16,1272
293,1981-08-17/1981-08-23,1404
294,1981-08-24/1981-08-30,1404
295,1981-08-31/1981-09-06,1406
296,1981-09-07/1981-09-13,1405
297,1981-09-14/1981-09-20,1398
298,1981-09-21/1981-09-27,1400
299,1981-09-28/1981-10-04,1404
300,1981-10-05/1981-10-11,1406
301,1981-10-12/1981-10-18,1407
302,1981-10-19/1981-10-25,1404
303,1981-10-26/1981-11-01,1380
304,1981-11-02/1981-11-08,1379
305,1981-11-09/1981-11-15,1380
306,1981-11-16/1981-11-22,1436
307,1981-11-23/1981-11-29,1435
308,1981-11-30/1981-12-06,1253
309,1981-12-07/1981-12-13,1247
310,1981-12-14/1981-12-20,1243
311,1981-12-21/1981-12-27,1245
312,1981-12-28/1982-01-03,1242
313,1982-01-04/1982-01-10,1243
314,1982-01-11/1982-01-17,1237
315,1982-01-18/1982-01-24,1252
316,1982-01-25/1982-01-31,1249
317,1982-02-01/1982-02-07,1243
318,1982-02-08/1982-02-14,1045
319,1982-02-15/1982-02-21,1043
320,1982-02-22/1982-02-28,1040
321,1982-03-01/1982-03-07,1042
322,1982-03-08/1982-03-14,1260
323,1982-03-15/1982-03-21,1265
324,1982-03-22/1982-03-28,1260
325,1982-03-29/1982-04-04,1275
326,1982-04-05/1982-04-11,1279
327,1982-04-12/1982-04-18,1274
328,1982-04-19/1982-04-25,1282
329,1982-04-26/1982-05-02,1280
330,1982-05-03/1982-05-09,1281
331,1982-05-10/1982-05-16,1280
332,1982-05-17/1982-05-23,1281
333,1982-05-24/1982-05-30,1285
334,1982-05-31/1982-06-06,1284
335,1982-06-07/1982-06-13,1280
336,1982-06-14/1982-06-20,1280
337,1982-06-21/1982-06-27,1277
338,1982-06-28/1982-07-04,1055
339,1982-07-05/1982-07-11,1241
340,1982-07-12/1982-07-18,1235
341,1982-07-19/1982-07-25,1232
342,1982-07-26/1982-08-01,1234
343,1982-08-02/1982-08-08,1017
344,1982-08-09/1982-08-15,1232
345,1982-08-16/1982-08-22,1235
346,1982-08-23/1982-08-29,1238
347,1982-08-30/1982-09-05,1237
348,1982-09-06/1982-09-12,1234
349,1982-09-13/1982-09-19,1236
350,1982-09-20/1982-09-26,1239
351,1982-09-27/1982-10-03,1238
352,1982-10-04/1982-10-10,1019
353,1982-10-11/1982-10-17,1238
354,1982-10-18/1982-10-24,1233
355,1982-10-25/1982-10-31,1247
356,1982-11-01/1982-11-07,1247
357,1982-11-08/1982-11-14,1249
358,1982-11-15/1982-11-21,1028
359,1982-11-22/1982-11-28,1241
360,1982-11-29/1982-12-05,1065
361,1982-12-06/1982-12-12,1317
362,1982-12-13/1982-12-19,1065
363,1982-12-20/1982-12-26,1311
364,1982-12-27/1983-01-02,1312
365,1983-01-03/1983-01-09,1066
366,1983-01-10/1983-01-16,1068
367,1983-01-17/1983-01-23,1068
368,1983-01-24/1983-01-30,1312
369,1983-01-31/1983-02-06,1308
370,1983-02-07/1983-02-13,1314
371,1983-02-14/1983-02-20,1312
372,1983-02-21/1983-02-27,754
373,1983-02-28/1983-03-06,681
374,1983-03-07/1983-03-13,696
375,1983-03-14/1983-03-20,793
376,1983-03-21/1983-03-27,960
377,1983-03-28/1983-04-03,827
378,1983-04-04/1983-04-10,850
379,1983-04-11/1983-04-17,842
380,1983-04-18/1983-04-24,837
381,1983-04-25/1983-05-01,828
382,1983-05-02/1983-05-08,834
383,1983-05-09/1983-05-15,1130
384,1983-05-16/1983-05-22,1128
385,1983-05-23/1983-05-29,1126
386,1983-05-30/1983-06-05,1126
387,1983-06-06/1983-06-12,1129
388,1983-06-13/1983-06-19,1353
389,1983-06-20/1983-06-26,1093
390,1983-06-27/1983-07-03,1355
391,1983-07-04/1983-07-10,1360
392,1983-07-11/1983-07-17,1355
393,1983-07-18/1983-07-24,1366
394,1983-07-25/1983-07-31,1104
395,1983-08-01/1983-08-07,1369
396,1983-08-08/1983-08-14,1366
397,1983-08-15/1983-08-21,1369
398,1983-08-22/1983-08-28,1369
399,1983-08-29/1983-09-04,1368
400,1983-09-05/1983-09-11,1371
401,1983-09-12/1983-09-18,1438
402,1983-09-19/1983-09-25,1440
403,1983-09-26/1983-10-02,1103
404,1983-10-03/1983-10-09,1442
405,1983-10-10/1983-10-16,1440
406,1983-10-17/1983-10-23,1435
407,1983-10-24/1983-10-30,1438
408,1983-10-31/1983-11-06,1106
409,1983-11-07/1983-11-13,1434
410,1983-11-14/1983-11-20,1438
411,1983-11-21/1983-11-27,1435
412,1983-11-28/1983-12-04,1175
413,1983-12-05/1983-12-11,1448
414,1983-12-12/1983-12-18,1171
415,1983-12-19/1983-12-25,1445
416,1983-12-26/1984-01-01,1444
417,1984-01-02/1984-01-08,1181
418,1984-01-09/1984-01-15,1179
419,1984-01-16/1984-01-22,1178
420,1984-01-23/1984-01-29,1446
421,1984-01-30/1984-02-05,1436
422,1984-02-06/1984-02-12,1441
423,1984-02-13/1984-02-19,1441
424,1984-02-20/1984-02-26,1435
425,1984-02-27/1984-03-04,1169
426,1984-03-05/1984-03-11,1449
427,1984-03-12/1984-03-18,1439
428,1984-03-19/1984-03-25,1438
429,1984-03-26/1984-04-01,1439
430,1984-04-02/1984-04-08,1441
431,1984-04-09/1984-04-15,1439
432,1984-04-16/1984-04-22,1444
433,1984-04-23/1984-04-29,1445
434,1984-04-30/1984-05-06,1447
435,1984-05-07/1984-05-13,1438
436,1984-05-14/1984-05-20,1441
437,1984-05-21/1984-05-27,1439
438,1984-05-28/1984-06-03,1437
439,1984-06-04/1984-06-10,1446
440,1984-06-11/1984-06-17,1435
441,1984-06-18/1984-06-24,1176
442,1984-06-25/1984-07-01,1444
443,1984-07-02/1984-07-08,1446
444,1984-07-09/1984-07-15,1439
445,1984-07-16/1984-07-22,1441
446,1984-07-23/1984-07-29,1171
447,1984-07-30/1984-08-05,1442
448,1984-08-06/1984-08-12,1443
449,1984-08-13/1984-08-19,1435
450,1984-08-20/1984-08-26,1435
451,1984-08-27/1984-09-02,1442
452,1984-09-03/1984-09-09,1447
453,1984-09-10/1984-09-16,1442
454,1984-09-17/1984-09-23,1443
455,1984-09-24/1984-09-30,1170
456,1984-10-01/1984-10-07,1445
457,1984-10-08/1984-10-14,1443
458,1984-10-15/1984-10-21,1441
459,1984-10-22/1984-10-28,1447
460,1984-10-29/1984-11-04,1184
461,1984-11-05/1984-11-11,1454
462,1984-11-12/1984-11-18,1452
463,1984-11-19/1984-11-25,1457
464,1984-11-26/1984-12-02,1233
465,1984-12-03/1984-12-09,1523
466,1984-12-10/1984-12-16,1515
467,1984-12-17/1984-12-23,1240
468,1984-12-24/1984-12-30,1516
469,1984-12-31/1985-01-06,1238
470,1985-01-07/1985-01-13,1237
471,1985-01-14/1985-01-20,1237
472,1985-01-21/1985-01-27,1514
473,1985-01-28/1985-02-03,1516
474,1985-02-04/1985-02-10,1237
475,1985-02-11/1985-02-17,1510
476,1985-02-18/1985-02-24,1512
477,1985-02-25/1985-03-03,1231
478,1985-03-04/1985-03-10,1514
479,1985-03-11/1985-03-17,1516
480,1985-03-18/1985-03-24,1514
481,1985-03-25/1985-03-31,1512
482,1985-04-01/1985-04-07,1517
483,1985-04-08/1985-04-14,1518
484,1985-04-15/1985-04-21,1517
485,1985-04-22/1985-04-28,1515
486,1985-04-29/1985-05-05,1516
487,1985-05-06/1985-05-12,1521
488,1985-05-13/1985-05-19,1515
489,1985-05-20/1985-05-26,1518
490,1985-05-27/1985-06-02,1519
491,1985-06-03/1985-06-09,1518
492,1985-06-10/1985-06-16,1516
493,1985-06-17/1985-06-23,1233
494,1985-06-24/1985-06-30,1519
495,1985-07-01/1985-07-07,1523
496,1985-07-08/1985-07-14,1526
497,1985-07-15/1985-07-21,1527
498,1985-07-22/1985-07-28,1240
499,1985-07-29/1985-08-04,1530
500,1985-08-05/1985-08-11,1526
501,1985-08-12/1985-08-18,1524
502,1985-08-19/1985-08-25,1524
503,1985-08-26/1985-09-01,1525
504,1985-09-02/1985-09-08,1523
505,1985-09-09/1985-09-15,1525
506,1985-09-16/1985-09-22,1523
507,1985-09-23/1985-09-29,1242
508,1985-09-30/1985-10-06,1506
509,1985-10-07/1985-10-13,1503
510,1985-10-14/1985-10-20,1504
511,1985-10-21/1985-10-27,1504
512,1985-10-28/1985-11-03,1220
513,1985-11-04/1985-11-10,1509
514,1985-11-11/1985-11-17,1501
515,1985-11-18/1985-11-24,1501
516,1985-11-25/1985-12-01,1216
517,1985-12-02/1985-12-08,1294
518,1985-12-09/1985-12-15,1579
519,1985-12-16/1985-12-22,1289
520,1985-12-23/1985-12-29,1582
521,1985-12-30/1986-01-05,1580
522,1986-01-06/1986-01-12,1292
523,1986-01-13/1986-01-19,1286
524,1986-01-20/1986-01-26,1290
525,1986-01-27/1986-02-02,1583
526,1986-02-03/1986-02-09,1591
527,1986-02-10/1986-02-16,1282
528,1986-02-17/1986-02-23,1580
529,1986-02-24/1986-03-02,1580
530,1986-03-03/1986-03-09,1297
531,1986-03-10/1986-03-16,1575
532,1986-03-17/1986-03-23,1578
533,1986-03-24/1986-03-30,1580
534,1986-03-31/1986-04-06,1597
535,1986-04-07/1986-04-13,1576
536,1986-04-14/1986-04-20,1583
537,1986-04-21/1986-04-27,1584
538,1986-04-28/1986-05-04,1584
539,1986-05-05/1986-05-11,1598
540,1986-05-12/1986-05-18,1586
541,1986-05-19/1986-05-25,1578
542,1986-05-26/1986-06-01,1577
543,1986-06-02/1986-06-08,1430
544,1986-06-09/1986-06-15,1422
545,1986-06-16/1986-06-22,1425
546,1986-06-23/1986-06-29,1156
547,1986-06-30/1986-07-06,1442
548,1986-07-07/1986-07-13,1423
549,1986-07-14/1986-07-20,1427
550,1986-07-21/1986-07-27,1427
551,1986-07-28/1986-08-03,1153
552,1986-08-04/1986-08-10,1462
553,1986-08-11/1986-08-17,1448
554,1986-08-18/1986-08-24,1444
555,1986-08-25/1986-08-31,1450
556,1986-09-01/1986-09-07,1461
557,1986-09-08/1986-09-14,1445
558,1986-09-15/1986-09-21,1440
559,1986-09-22/1986-09-28,1442
560,1986-09-29/1986-10-05,1178
561,1986-10-06/1986-10-12,1457
562,1986-10-13/1986-10-19,1441
563,1986-10-20/1986-10-26,1445
564,1986-10-27/1986-11-02,1443
565,1986-11-03/1986-11-09,1204
566,1986-11-10/1986-11-16,1447
567,1986-11-17/1986-11-23,1452
568,1986-11-24/1986-11-30,1449
569,1986-12-01/1986-12-07,1919
570,1986-12-08/1986-12-14,1564
571,1986-12-15/1986-12-21,1909
572,1986-12-22/1986-12-28,1564
573,1986-12-29/1987-01-04,1904
574,1987-01-05/1987-01-11,1920
575,1987-01-12/1987-01-18,1905
576,1987-01-19/1987-01-25,1563
577,1987-01-26/1987-02-01,1569
578,1987-02-02/1987-02-08,1582
579,1987-02-09/1987-02-15,1564
580,1987-02-16/1987-02-22,1909
581,1987-02-23/1987-03-01,1901
582,1987-03-02/1987-03-08,1914
583,1987-03-09/1987-03-15,1565
584,1987-03-16/1987-03-22,1904
585,1987-03-23/1987-03-29,1903
586,1987-03-30/1987-04-05,1910
587,1987-04-06/1987-04-12,1929
588,1987-04-13/1987-04-19,1910
589,1987-04-20/1987-04-26,1914
590,1987-04-27/1987-05-03,1916
591,1987-05-04/1987-05-10,1915
592,1987-05-11/1987-05-17,1920
593,1987-05-18/1987-05-24,1912
594,1987-05-25/1987-05-31,1906
595,1987-06-01/1987-06-07,1916
596,1987-06-08/1987-06-14,1902
597,1987-06-15/1987-06-21,1562
598,1987-06-22/1987-06-28,1904
599,1987-06-29/1987-07-05,1907
600,1987-07-06/1987-07-12,1706
601,1987-07-13/1987-07-19,1679
602,1987-07-20/1987-07-26,1681
603,1987-07-27/1987-08-02,1344
604,1987-08-03/1987-08-09,1688
605,1987-08-10/1987-08-16,1682
606,1987-08-17/1987-08-23,1682
607,1987-08-24/1987-08-30,1685
608,1987-08-31/1987-09-06,1705
609,1987-09-07/1987-09-13,1666
610,1987-09-14/1987-09-20,1670
611,1987-09-21/1987-09-27,1665
612,1987-09-28/1987-10-04,1332
613,1987-10-05/1987-10-11,1688
614,1987-10-12/1987-10-18,1663
615,1987-10-19/1987-10-25,1667
616,1987-10-26/1987-11-01,1668
617,1987-11-02/1987-11-08,1335
618,1987-11-09/1987-11-15,1649
619,1987-11-16/1987-11-22,1658
620,1987-11-23/1987-11-29,1662
621,1987-11-30/1987-12-06,1687
622,1987-12-07/1987-12-13,1398
623,1987-12-14/1987-12-20,1715
624,1987-12-21/1987-12-27,1343
625,1987-12-28/1988-01-03,1651
626,1988-01-04/1988-01-10,1675
627,1988-01-11/1988-01-17,1646
628,1988-01-18/1988-01-24,1343
629,1988-01-25/1988-01-31,1344
630,1988-02-01/1988-02-07,1371
631,1988-02-08/1988-02-14,1351
632,1988-02-15/1988-02-21,1656
633,1988-02-22/1988-02-28,1655
634,1988-02-29/1988-03-06,1664
635,1988-03-07/1988-03-13,1345
636,1988-03-14/1988-03-20,1653
637,1988-03-21/1988-03-27,1648
638,1988-03-28/1988-04-03,1652
639,1988-04-04/1988-04-10,1659
640,1988-04-11/1988-04-17,1656
641,1988-04-18/1988-04-24,1652
642,1988-04-25/1988-05-01,1655
643,1988-05-02/1988-05-08,1661
644,1988-05-09/1988-05-15,1646
645,1988-05-16/1988-05-22,1653
646,1988-05-23/1988-05-29,1652
647,1988-05-30/1988-06-05,1657
648,1988-06-06/1988-06-12,1665
649,1988-06-13/1988-06-19,1652
650,1988-06-20/1988-06-26,1351
651,1988-06-27/1988-07-03,1640
652,1988-07-04/1988-07-10,1666
653,1988-07-11/1988-07-17,1654
654,1988-07-18/1988-07-24,1650
655,1988-07-25/1988-07-31,1652
656,1988-08-01/1988-08-07,1364
657,1988-08-08/1988-08-14,1646
658,1988-08-15/1988-08-21,1733
659,1988-08-22/1988-08-28,1732
660,1988-08-29/1988-09-04,1729
661,1988-09-05/1988-09-11,1749
662,1988-09-12/1988-09-18,1738
663,1988-09-19/1988-09-25,1733
664,1988-09-26/1988-10-02,1734
665,1988-10-03/1988-10-09,1440
666,1988-10-10/1988-10-16,1735
667,1988-10-17/1988-10-23,1732
668,1988-10-24/1988-10-30,1737
669,1988-10-31/1988-11-06,1748
670,1988-11-07/1988-11-13,1433
671,1988-11-14/1988-11-20,1738
672,1988-11-21/1988-11-27,1742
673,1988-11-28/1988-12-04,1739
674,1988-12-05/1988-12-11,1443
675,1988-12-12/1988-12-18,1769
676,1988-12-19/1988-12-25,1439
677,1988-12-26/1989-01-01,1772
678,1989-01-02/1989-01-08,1780
679,1989-01-09/1989-01-15,1771
680,1989-01-16/1989-01-22,1440
681,1989-01-23/1989-01-29,1443
682,1989-01-30/1989-02-05,1770
683,1989-02-06/1989-02-12,1641
684,1989-02-13/1989-02-19,1613
685,1989-02-20/1989-02-26,2185
686,1989-02-27/1989-03-05,2182
687,1989-03-06/1989-03-12,2202
688,1989-03-13/1989-03-19,1772
689,1989-03-20/1989-03-26,2182
690,1989-03-27/1989-04-02,2181
691,1989-04-03/1989-04-09,2201
692,1989-04-10/1989-04-16,2178
693,1989-04-17/1989-04-23,2177
694,1989-04-24/1989-04-30,2184
695,1989-05-01/1989-05-07,2183
696,1989-05-08/1989-05-14,2182
697,1989-05-15/1989-05-21,2176
698,1989-05-22/1989-05-28,2174
699,1989-05-29/1989-06-04,2182
700,1989-06-05/1989-06-11,2240
701,1989-06-12/1989-06-18,2226
702,1989-06-19/1989-06-25,1812
703,1989-06-26/1989-07-02,2226
704,1989-07-03/1989-07-09,2305
705,1989-07-10/1989-07-16,2295
706,1989-07-17/1989-07-23,2296
707,1989-07-24/1989-07-30,2294
708,1989-07-31/1989-08-06,1960
709,1989-08-07/1989-08-13,2292
710,1989-08-14/1989-08-20,2287
711,1989-08-21/1989-08-27,2291
712,1989-08-28/1989-09-03,2291
713,1989-09-04/1989-09-10,2301
714,1989-09-11/1989-09-17,2290
715,1989-09-18/1989-09-24,2291
716,1989-09-25/1989-10-01,1927
717,1989-10-02/1989-10-08,1668
718,1989-10-09/1989-10-15,1649
719,1989-10-16/1989-10-22,1649
720,1989-10-23/1989-10-29,1646
721,1989-10-30/1989-11-05,1644
722,1989-11-06/1989-11-12,1660
723,1989-11-13/1989-11-19,1644
724,1989-11-20/1989-11-26,1645
725,1989-11-27/1989-12-03,1615
726,1989-12-04/1989-12-10,1623
727,1989-12-11/1989-12-17,1615
728,1989-12-18/1989-12-24,1619
729,1989-12-25/1989-12-31,1619
730,1990-01-01/1990-01-07,1626
731,1990-01-08/1990-01-14,1622
732,1990-01-15/1990-01-21,1624
733,1990-01-22/1990-01-28,1645
734,1990-01-29/1990-02-04,1643
735,1990-02-05/1990-02-11,1669
736,1990-02-12/1990-02-18,2125
737,1990-02-19/1990-02-25,2125
738,1990-02-26/1990-03-04,2128
739,1990-03-05/1990-03-11,2136
740,1990-03-12/1990-03-18,1736
741,1990-03-19/1990-03-25,2074
742,1990-03-26/1990-04-01,2123
743,1990-04-02/1990-04-08,2138
744,1990-04-09/1990-04-15,2147
745,1990-04-16/1990-04-22,2118
746,1990-04-23/1990-04-29,1982
747,1990-04-30/1990-05-06,2140
748,1990-05-07/1990-05-13,2135
749,1990-05-14/1990-05-20,2136
750,1990-05-21/1990-05-27,1981
751,1990-05-28/1990-06-03,2002
752,1990-06-04/1990-06-10,2086
753,1990-06-11/1990-06-17,2072
754,1990-06-18/1990-06-24,2135
755,1990-06-25/1990-07-01,2082
756,1990-07-02/1990-07-08,2091
757,1990-07-09/1990-07-15,1582
758,1990-07-16/1990-07-22,1582
759,1990-07-23/1990-07-29,1579
760,1990-07-30/1990-08-05,1691
761,1990-08-06/1990-08-12,2086
762,1990-08-13/1990-08-19,2081
763,1990-08-20/1990-08-26,2080
764,1990-08-27/1990-09-02,2080
765,1990-09-03/1990-09-09,2031
766,1990-09-10/1990-09-16,1957
767,1990-09-17/1990-09-23,1676
768,1990-09-24/1990-09-30,1662
769,1990-10-01/1990-10-07,1561
770,1990-10-08/1990-10-14,1508
771,1990-10-15/1990-10-21,1821
772,1990-10-22/1990-10-28,1914
773,1990-10-29/1990-11-04,1729
774,1990-11-05/1990-11-11,2008
775,1990-11-12/1990-11-18,1708
776,1990-11-19/1990-11-25,1982
777,1990-11-26/1990-12-02,1933
778,1990-12-03/1990-12-09,1932
779,1990-12-10/1990-12-16,1848
780,1990-12-17/1990-12-23,1825
781,1990-12-24/1990-12-30,1898
782,1990-12-31/1991-01-06,1742
783,1991-01-07/1991-01-13,2051
784,1991-01-14/1991-01-20,1832
785,1991-01-21/1991-01-27,1878
786,1991-01-28/1991-02-03,1859
787,1991-02-04/1991-02-10,2173
788,1991-02-11/1991-02-17,2047
789,1991-02-18/1991-02-24,2236
790,1991-02-25/1991-03-03,1808
791,1991-03-04/1991-03-10,1783
792,1991-03-11/1991-03-17,1747
793,1991-03-18/1991-03-24,2133
794,1991-03-25/1991-03-31,2045
795,1991-04-01/1991-04-07,1748
796,1991-04-08/1991-04-14,2090
797,1991-04-15/1991-04-21,2007
798,1991-04-22/1991-04-28,1778
799,1991-04-29/1991-05-05,2081
800,1991-05-06/1991-05-12,1997
801,1991-05-13/1991-05-19,2080
802,1991-05-20/1991-05-26,2087
803,1991-05-27/1991-06-02,2093
804,1991-06-03/1991-06-09,2100
805,1991-06-10/1991-06-16,2009
806,1991-06-17/1991-06-23,1708
807,1991-06-24/1991-06-30,2094
808,1991-07-01/1991-07-07,2071
809,1991-07-08/1991-07-14,2095
810,1991-07-15/1991-07-21,2080
811,1991-07-22/1991-07-28,2088
812,1991-07-29/1991-08-04,1749
813,1991-08-05/1991-08-11,2079
814,1991-08-12/1991-08-18,2025
815,1991-08-19/1991-08-25,2044
816,1991-08-26/1991-09-01,2127
817,1991-09-02/1991-09-08,2390
818,1991-09-09/1991-09-15,2119
819,1991-09-16/1991-09-22,2317
820,1991-09-23/1991-09-29,2011
821,1991-09-30/1991-10-06,2273
822,1991-10-07/1991-10-13,2229
823,1991-10-14/1991-10-20,2251
824,1991-10-21/1991-10-27,2303
825,1991-10-28/1991-11-03,2050
826,1991-11-04/1991-11-10,1646
827,1991-11-11/1991-11-17,2008
828,1991-11-18/1991-11-24,1917
829,1991-11-25/1991-12-01,1950
830,1991-12-02/1991-12-08,1821
831,1991-12-09/1991-12-15,2124
832,1991-12-16/1991-12-22,1681
833,1991-12-23/1991-12-29,2122
834,1991-12-30/1992-01-05,2115
835,1992-01-06/1992-01-12,2127
836,1992-01-13/1992-01-19,2123
837,1992-01-20/1992-01-26,1791
838,1992-01-27/1992-02-02,1760
839,1992-02-03/1992-02-09,1759
840,1992-02-10/1992-02-16,1794
841,1992-02-17/1992-02-23,2152
842,1992-02-24/1992-03-01,2106
843,1992-03-02/1992-03-08,2103
844,1992-03-09/1992-03-15,1769
845,1992-03-16/1992-03-22,2146
846,1992-03-23/1992-03-29,2172
847,1992-03-30/1992-04-05,2169
848,1992-04-06/1992-04-12,2169
849,1992-04-13/1992-04-19,2148
850,1992-04-20/1992-04-26,2269
851,1992-04-27/1992-05-03,2140
852,1992-05-04/1992-05-10,2221
853,1992-05-11/1992-05-17,2159
854,1992-05-18/1992-05-24,2159
855,1992-05-25/1992-05-31,2193
856,1992-06-01/1992-06-07,2218
857,1992-06-08/1992-06-14,2180
858,1992-06-15/1992-06-21,1817
859,1992-06-22/1992-06-28,2204
860,1992-06-29/1992-07-05,2195
861,1992-07-06/1992-07-12,2210
862,1992-07-13/1992-07-19,2199
863,1992-07-20/1992-07-26,2195
864,1992-07-27/1992-08-02,1848
865,1992-08-03/1992-08-09,2144
866,1992-08-10/1992-08-16,2148
867,1992-08-17/1992-08-23,2144
868,1992-08-24/1992-08-30,2155
869,1992-08-31/1992-09-06,2155
870,1992-09-07/1992-09-13,2138
871,1992-09-14/1992-09-20,2139
872,1992-09-21/1992-09-27,2140
873,1992-09-28/1992-10-04,1752
874,1992-10-05/1992-10-11,2103
875,1992-10-12/1992-10-18,2103
876,1992-10-19/1992-10-25,2099
877,1992-10-26/1992-11-01,2103
878,1992-11-02/1992-11-08,1718
879,1992-11-09/1992-11-15,2089
880,1992-11-16/1992-11-22,2103
881,1992-11-23/1992-11-29,2100
882,1992-11-30/1992-12-06,1725
883,1992-12-07/1992-12-13,2093
884,1992-12-14/1992-12-20,2087
885,1992-12-21/1992-12-27,1714
886,1992-12-28/1993-01-03,2093
887,1993-01-04/1993-01-10,2108
888,1993-01-11/1993-01-17,2101
889,1993-01-18/1993-01-24,1717
890,1993-01-25/1993-01-31,1712
891,1993-02-01/1993-02-07,1721
892,1993-02-08/1993-02-14,1705
893,1993-02-15/1993-02-21,2100
894,1993-02-22/1993-02-28,2097
895,1993-03-01/1993-03-07,2109
896,1993-03-08/1993-03-14,1755
897,1993-03-15/1993-03-21,2153
898,1993-03-22/1993-03-28,2152
899,1993-03-29/1993-04-04,2154
900,1993-04-05/1993-04-11,2174
901,1993-04-12/1993-04-18,2148
902,1993-04-19/1993-04-25,2149
903,1993-04-26/1993-05-02,2148
904,1993-05-03/1993-05-09,2157
905,1993-05-10/1993-05-16,2146
906,1993-05-17/1993-05-23,2151
907,1993-05-24/1993-05-30,2154
908,1993-05-31/1993-06-06,2175
909,1993-06-07/1993-06-13,2172
910,1993-06-14/1993-06-20,2180
911,1993-06-21/1993-06-27,1785
912,1993-06-28/1993-07-04,2169
913,1993-07-05/1993-07-11,2195
914,1993-07-12/1993-07-18,2189
915,1993-07-19/1993-07-25,2189
916,1993-07-26/1993-08-01,1842
917,1993-08-02/1993-08-08,2235
918,1993-08-09/1993-08-15,2227
919,1993-08-16/1993-08-22,2230
920,1993-08-23/1993-08-29,2221
921,1993-08-30/1993-09-05,2223
922,1993-09-06/1993-09-12,2240
923,1993-09-13/1993-09-19,2231
924,1993-09-20/1993-09-26,2228
925,1993-09-27/1993-10-03,1831
926,1993-10-04/1993-10-10,2270
927,1993-10-11/1993-10-17,2268
928,1993-10-18/1993-10-24,2253
929,1993-10-25/1993-10-31,2255
930,1993-11-01/1993-11-07,1899
931,1993-11-08/1993-11-14,2291
932,1993-11-15/1993-11-21,2297
933,1993-11-22/1993-11-28,2310
934,1993-11-29/1993-12-05,2303
935,1993-12-06/1993-12-12,1913
936,1993-12-13/1993-12-19,2300
937,1993-12-20/1993-12-26,1901
938,1993-12-27/1994-01-02,2300
939,1994-01-03/1994-01-09,2308
940,1994-01-10/1994-01-16,2303
941,1994-01-17/1994-01-23,1891
942,1994-01-24/1994-01-30,1864
943,1994-01-31/1994-02-06,1872
944,1994-02-07/1994-02-13,1851
945,1994-02-14/1994-02-20,2261
946,1994-02-21/1994-02-27,2255
947,1994-02-28/1994-03-06,2246
948,1994-03-07/1994-03-13,2220
949,1994-03-14/1994-03-20,1826
950,1994-03-21/1994-03-27,2223
951,1994-03-28/1994-04-03,2227
952,1994-04-04/1994-04-10,2262
953,1994-04-11/1994-04-17,2263
954,1994-04-18/1994-04-24,2263
955,1994-04-25/1994-05-01,2254
956,1994-05-02/1994-05-08,2275
957,1994-05-09/1994-05-15,2270
958,1994-05-16/1994-05-22,2254
959,1994-05-23/1994-05-29,2262
960,1994-05-30/1994-06-05,2265
961,1994-06-06/1994-06-12,2268
962,1994-06-13/1994-06-19,2255
963,1994-06-20/1994-06-26,1854
964,1994-06-27/1994-07-03,2257
965,1994-07-04/1994-07-10,2274
966,1994-07-11/1994-07-17,2264
967,1994-07-18/1994-07-24,2256
968,1994-07-25/1994-07-31,1852
969,1994-08-01/1994-08-07,2269
970,1994-08-08/1994-08-14,2240
971,1994-08-15/1994-08-21,2238
972,1994-08-22/1994-08-28,2248
973,1994-08-29/1994-09-04,2248
974,1994-09-05/1994-09-11,2252
975,1994-09-12/1994-09-18,2247
976,1994-09-19/1994-09-25,2257
977,1994-09-26/1994-10-02,1851
978,1994-10-03/1994-10-09,2311
979,1994-10-10/1994-10-16,2321
980,1994-10-17/1994-10-23,2315
981,1994-10-24/1994-10-30,2321
982,1994-10-31/1994-11-06,1913
983,1994-11-07/1994-11-13,2321
984,1994-11-14/1994-11-20,2310
985,1994-11-21/1994-11-27,2310
986,1994-11-28/1994-12-04,2311
987,1994-12-05/1994-12-11,2326
988,1994-12-12/1994-12-18,1904
989,1994-12-19/1994-12-25,1898
990,1994-12-26/1995-01-01,2317
991,1995-01-02/1995-01-08,2357
992,1995-01-09/1995-01-15,2308
993,1995-01-16/1995-01-22,1909
994,1995-01-23/1995-01-29,1900
995,1995-01-30/1995-02-05,1902
996,1995-02-06/1995-02-12,1902
997,1995-02-13/1995-02-19,2317
998,1995-02-20/1995-02-26,2310
999,1995-02-27/1995-03-05,2323
1000,1995-03-06/1995-03-12,2317
1001,1995-03-13/1995-03-19,1908
1002,1995-03-20/1995-03-26,2327
1003,1995-03-27/1995-04-02,2316
1004,1995-04-03/1995-04-09,2285
1005,1995-04-10/1995-04-16,2279
1006,1995-04-17/1995-04-23,2282
1007,1995-04-24/1995-04-30,2283
1008,1995-05-01/1995-05-07,2287
1009,1995-05-08/1995-05-14,2285
1010,1995-05-15/1995-05-21,2271
1011,1995-05-22/1995-05-28,2274
1012,1995-05-29/1995-06-04,2280
1013,1995-06-05/1995-06-11,2280
1014,1995-06-12/1995-06-18,2272
1015,1995-06-19/1995-06-25,1877
1016,1995-06-26/1995-07-02,2274
1017,1995-07-03/1995-07-09,2291
1018,1995-07-10/1995-07-16,2264
1019,1995-07-17/1995-07-23,2271
1020,1995-07-24/1995-07-30,2282
1021,1995-07-31/1995-08-06,1884
1022,1995-08-07/1995-08-13,2278
1023,1995-08-14/1995-08-20,2283
1024,1995-08-21/1995-08-27,2283
1025,1995-08-28/1995-09-03,2286
1026,1995-09-04/1995-09-10,2077
1027,1995-09-11/1995-09-17,2079
1028,1995-09-18/1995-09-24,2051
1029,1995-09-25/1995-10-01,1853
1030,1995-10-02/1995-10-08,2061
1031,1995-10-09/1995-10-15,2057
1032,1995-10-16/1995-10-22,2282
1033,1995-10-23/1995-10-29,2061
1034,1995-10-30/1995-11-05,2280
1035,1995-11-06/1995-11-12,1873
1036,1995-11-13/1995-11-19,2273
1037,1995-11-20/1995-11-26,2332
1038,1995-11-27/1995-12-03,2321
1039,1995-12-04/1995-12-10,2332
1040,1995-12-11/1995-12-17,2327
1041,1995-12-18/1995-12-24,1917
1042,1995-12-25/1995-12-31,2331
1043,1996-01-01/1996-01-07,2325
1044,1996-01-08/1996-01-14,2159
1045,1996-01-15/1996-01-21,2141
1046,1996-01-22/1996-01-28,1742
1047,1996-01-29/1996-02-04,1732
1048,1996-02-05/1996-02-11,1720
1049,1996-02-12/1996-02-18,1735
1050,1996-02-19/1996-02-25,2060
1051,1996-02-26/1996-03-03,2070
1052,1996-03-04/1996-03-10,2093
1053,1996-03-11/1996-03-17,2099
1054,1996-03-18/1996-03-24,1754
1055,1996-03-25/1996-03-31,2094
1056,1996-04-01/1996-04-07,2323
1057,1996-04-08/1996-04-14,2316
1058,1996-04-15/1996-04-21,2321
1059,1996-04-22/1996-04-28,2327
1060,1996-04-29/1996-05-05,2367
1061,1996-05-06/1996-05-12,2381
1062,1996-05-13/1996-05-19,2360
1063,1996-05-20/1996-05-26,2414
1064,1996-05-27/1996-06-02,2408
1065,1996-06-03/1996-06-09,2428
1066,1996-06-10/1996-06-16,2450
1067,1996-06-17/1996-06-23,2464
1068,1996-06-24/1996-06-30,2431
1069,1996-07-01/1996-07-07,2459
1070,1996-07-08/1996-07-14,2451
1071,1996-07-15/1996-07-21,2440
1072,1996-07-22/1996-07-28,2442
1073,1996-07-29/1996-08-04,2428
1074,1996-08-05/1996-08-11,2457
1075,1996-08-12/1996-08-18,2445
1076,1996-08-19/1996-08-25,2443
1077,1996-08-26/1996-09-01,2442
1078,1996-09-02/1996-09-08,2460
1079,1996-09-09/1996-09-15,2448
1080,1996-09-16/1996-09-22,2443
1081,1996-09-23/1996-09-29,2455
1082,1996-09-30/1996-10-06,2032
1083,1996-10-07/1996-10-13,2476
1084,1996-10-14/1996-10-20,2480
1085,1996-10-21/1996-10-27,2471
1086,1996-10-28/1996-11-03,2033
1087,1996-11-04/1996-11-10,2475
1088,1996-11-11/1996-11-17,2466
1089,1996-11-18/1996-11-24,2473
1090,1996-11-25/1996-12-01,2464
1091,1996-12-02/1996-12-08,2490
1092,1996-12-09/1996-12-15,2473
1093,1996-12-16/1996-12-22,2479
1094,1996-12-23/1996-12-29,2015
1095,1996-12-30/1997-01-05,2457
1096,1997-01-06/1997-01-12,2390
1097,1997-01-13/1997-01-19,2397
1098,1997-01-20/1997-01-26,1951
1099,1997-01-27/1997-02-02,1938
1100,1997-02-03/1997-02-09,2370
1101,1997-02-10/1997-02-16,2394
1102,1997-02-17/1997-02-23,1957
1103,1997-02-24/1997-03-02,1874
1104,1997-03-03/1997-03-09,2248
1105,1997-03-10/1997-03-16,2310
1106,1997-03-17/1997-03-23,2241
1107,1997-03-24/1997-03-30,2239
1108,1997-03-31/1997-04-06,2241
1109,1997-04-07/1997-04-13,2235
1110,1997-04-14/1997-04-20,2230
1111,1997-04-21/1997-04-27,1892
1112,1997-04-28/1997-05-04,2244
1113,1997-05-05/1997-05-11,2251
1114,1997-05-12/1997-05-18,2300
1115,1997-05-19/1997-05-25,1962
1116,1997-05-26/1997-06-01,2301
1117,1997-06-02/1997-06-08,2311
1118,1997-06-09/1997-06-15,2303
1119,1997-06-16/1997-06-22,2369
1120,1997-06-23/1997-06-29,2023
1121,1997-06-30/1997-07-06,2584
1122,1997-07-07/1997-07-13,2547
1123,1997-07-14/1997-07-20,2538
1124,1997-07-21/1997-07-27,2088
1125,1997-07-28/1997-08-03,2105
1126,1997-08-04/1997-08-10,2542
1127,1997-08-11/1997-08-17,2539
1128,1997-08-18/1997-08-24,2672
1129,1997-08-25/1997-08-31,2240
1130,1997-09-01/1997-09-07,2689
1131,1997-09-08/1997-09-14,2676
1132,1997-09-15/1997-09-21,2696
1133,1997-09-22/1997-09-28,2693
1134,1997-09-29/1997-10-05,2217
1135,1997-10-06/1997-10-12,2682
1136,1997-10-13/1997-10-19,2683
1137,1997-10-20/1997-10-26,2659
1138,1997-10-27/1997-11-02,2224
1139,1997-11-03/1997-11-09,2708
1140,1997-11-10/1997-11-16,2675
1141,1997-11-17/1997-11-23,2669
1142,1997-11-24/1997-11-30,2678
1143,1997-12-01/1997-12-07,2686
1144,1997-12-08/1997-12-14,2785
1145,1997-12-15/1997-12-21,2782
1146,1997-12-22/1997-12-28,2382
1147,1997-12-29/1998-01-04,2771
1148,1998-01-05/1998-01-11,2781
1149,1998-01-12/1998-01-18,2772
1150,1998-01-19/1998-01-25,2367
1151,1998-01-26/1998-02-01,2366
1152,1998-02-02/1998-02-08,2765
1153,1998-02-09/1998-02-15,2764
1154,1998-02-16/1998-02-22,2369
1155,1998-02-23/1998-03-01,2338
1156,1998-03-02/1998-03-08,2878
1157,1998-03-09/1998-03-15,2895
1158,1998-03-16/1998-03-22,2901
1159,1998-03-23/1998-03-29,2906
1160,1998-03-30/1998-04-05,2898
1161,1998-04-06/1998-04-12,2965
1162,1998-04-13/1998-04-19,2953
1163,1998-04-20/1998-04-26,2557
1164,1998-04-27/1998-05-03,3156
1165,1998-05-04/1998-05-10,3350
1166,1998-05-11/1998-05-17,3351
1167,1998-05-18/1998-05-24,2876
1168,1998-05-25/1998-05-31,3563
1169,1998-06-01/1998-06-07,3566
1170,1998-06-08/1998-06-14,3639
1171,1998-06-15/1998-06-21,3603
1172,1998-06-22/1998-06-28,2914
1173,1998-06-29/1998-07-05,3506
1174,1998-07-06/1998-07-12,3626
1175,1998-07-13/1998-07-19,3524
1176,1998-07-20/1998-07-26,2894
1177,1998-07-27/1998-08-02,2910
1178,1998-08-03/1998-08-09,3623
1179,1998-08-10/1998-08-16,3425
1180,1998-08-17/1998-08-23,3132
1181,1998-08-24/1998-08-30,2475
1182,1998-08-31/1998-09-06,3554
1183,1998-09-07/1998-09-13,3735
1184,1998-09-14/1998-09-20,3715
1185,1998-09-21/1998-09-27,3698
1186,1998-09-28/1998-10-04,3008
1187,1998-10-05/1998-10-11,3706
1188,1998-10-12/1998-10-18,3696
1189,1998-10-19/1998-10-25,3746
1190,1998-10-26/1998-11-01,3069
1191,1998-11-02/1998-11-08,3761
1192,1998-11-09/1998-11-15,3783
1193,1998-11-16/1998-11-22,3420
1194,1998-11-23/1998-11-29,3415
1195,1998-11-30/1998-12-06,3395
1196,1998-12-07/1998-12-13,3408
1197,1998-12-14/1998-12-20,2500
1198,1998-12-21/1998-12-27,2533
1199,1998-12-28/1999-01-03,2515
1200,1999-01-04/1999-01-10,2534
1201,1999-01-11/1999-01-17,3271
1202,1999-01-18/1999-01-24,2685
1203,1999-01-25/1999-01-31,2694
1204,1999-02-01/1999-02-07,3275
1205,1999-02-08/1999-02-14,3255
1206,1999-02-15/1999-02-21,2689
1207,1999-02-22/1999-02-28,2602
1208,1999-03-01/1999-03-07,3177
1209,1999-03-08/1999-03-14,3175
1210,1999-03-15/1999-03-21,3164
1211,1999-03-22/1999-03-28,3159
1212,1999-03-29/1999-04-04,3247
1213,1999-04-05/1999-04-11,3262
1214,1999-04-12/1999-04-18,1664
1215,1999-04-19/1999-04-25,2475
1216,1999-04-26/1999-05-02,2717
1217,1999-05-03/1999-05-09,2839
1218,1999-05-10/1999-05-16,3007
1219,1999-05-17/1999-05-23,2409
1220,1999-05-24/1999-05-30,2058
1221,1999-05-31/1999-06-06,2122
1222,1999-06-07/1999-06-13,1753
1223,1999-06-14/1999-06-20,2355
1224,1999-06-21/1999-06-27,2397
1225,1999-06-28/1999-07-04,3316
1226,1999-07-05/1999-07-11,2760
1227,1999-07-12/1999-07-18,3376
1228,1999-07-19/1999-07-25,2901
1229,1999-07-26/1999-08-01,4149
1230,1999-08-02/1999-08-08,3252
1231,1999-08-09/1999-08-15,3715
1232,1999-08-16/1999-08-22,3680
1233,1999-08-23/1999-08-29,3013
1234,1999-08-30/1999-09-05,3263
1235,1999-09-06/1999-09-12,3801
1236,1999-09-13/1999-09-19,3829
1237,1999-09-20/1999-09-26,3304
1238,1999-09-27/1999-10-03,3997
1239,1999-10-04/1999-10-10,3849
1240,1999-10-11/1999-10-17,3189
1241,1999-10-18/1999-10-24,4055
1242,1999-10-25/1999-10-31,4332
1243,1999-11-01/1999-11-07,4646
1244,1999-11-08/1999-11-14,4685
1245,1999-11-15/1999-11-21,4544
1246,1999-11-22/1999-11-28,4675
1247,1999-11-29/1999-12-05,4484
1248,1999-12-06/1999-12-12,4177
1249,1999-12-13/1999-12-19,3336
1250,1999-12-20/1999-12-26,3388
1251,1999-12-27/2000-01-02,3551
1252,2000-01-03/2000-01-09,3003
1253,2000-01-10/2000-01-16,2924
1254,2000-01-17/2000-01-23,2142
1255,2000-01-24/2000-01-30,2735
1256,2000-01-31/2000-02-06,3176
1257,2000-02-07/2000-02-13,2578
1258,2000-02-14/2000-02-20,3031
1259,2000-02-21/2000-02-27,3171
1260,2000-02-28/2000-03-05,3195
1261,2000-03-06/2000-03-12,3374
1262,2000-03-13/2000-03-19,3436
1263,2000-03-20/2000-03-26,2910
1264,2000-03-27/2000-04-02,3365
1265,2000-04-03/2000-04-09,3199
1266,2000-04-10/2000-04-16,2900
1267,2000-04-17/2000-04-23,3338
1268,2000-04-24/2000-04-30,3436
1269,2000-05-01/2000-05-07,3369
1270,2000-05-08/2000-05-14,3835
1271,2000-05-15/2000-05-21,3843
1272,2000-05-22/2000-05-28,2919
1273,2000-05-29/2000-06-04,2968
1274,2000-06-05/2000-06-11,3344
1275,2000-06-12/2000-06-18,3256
1276,2000-06-19/2000-06-25,3112
1277,2000-06-26/2000-07-02,3364
1278,2000-07-03/2000-07-09,3758
1279,2000-07-10/2000-07-16,3971
1280,2000-07-17/2000-07-23,3733
1281,2000-07-24/2000-07-30,2652
1282,2000-07-31/2000-08-06,3833
1283,2000-08-07/2000-08-13,3785
1284,2000-08-14/2000-08-20,3683
1285,2000-08-21/2000-08-27,3972
1286,2000-08-28/2000-09-03,4037
1287,2000-09-04/2000-09-10,3867
1288,2000-09-11/2000-09-17,3688
1289,2000-09-18/2000-09-24,3638
1290,2000-09-25/2000-10-01,2960
1291,2000-10-02/2000-10-08,3743
1292,2000-10-09/2000-10-15,2615
1293,2000-10-16/2000-10-22,3932
1294,2000-10-23/2000-10-29,4049
1295,2000-10-30/2000-11-05,4000
1296,2000-11-06/2000-11-12,3693
1297,2000-11-13/2000-11-19,3531
1298,2000-11-20/2000-11-26,3689
1299,2000-11-27/2000-12-03,3518
1300,2000-12-04/2000-12-10,3531
1301,2000-12-11/2000-12-17,3461
1302,2000-12-18/2000-12-24,2843
1303,2000-12-25/2000-12-31,4087
1304,2001-01-01/2001-01-07,2763
1305,2001-01-08/2001-01-14,3651
1306,2001-01-15/2001-01-21,2709
1307,2001-01-22/2001-01-28,2890
1308,2001-01-29/2001-02-04,4125
1309,2001-02-05/2001-02-11,3840
1310,2001-02-12/2001-02-18,3610
1311,2001-02-19/2001-02-25,3690
1312,2001-02-26/2001-03-04,3667
1313,2001-03-05/2001-03-11,3755
1314,2001-03-12/2001-03-18,3356
1315,2001-03-19/2001-03-25,3735
1316,2001-03-26/2001-04-01,3896
1317,2001-04-02/2001-04-08,3865
1318,2001-04-09/2001-04-15,3934
1319,2001-04-16/2001-04-22,3925
1320,2001-04-23/2001-04-29,3953
1321,2001-04-30/2001-05-06,3806
1322,2001-05-07/2001-05-13,3966
1323,2001-05-14/2001-05-20,3828
1324,2001-05-21/2001-05-27,3828
1325,2001-05-28/2001-06-03,3783
1326,2001-06-04/2001-06-10,3613
1327,2001-06-11/2001-06-17,3683
1328,2001-06-18/2001-06-24,2983
1329,2001-06-25/2001-07-01,3800
1330,2001-07-02/2001-07-08,3761
1331,2001-07-09/2001-07-15,3741
1332,2001-07-16/2001-07-22,3625
1333,2001-07-23/2001-07-29,3649
1334,2001-07-30/2001-08-05,3115
1335,2001-08-06/2001-08-12,3622
1336,2001-08-13/2001-08-19,3574
1337,2001-08-20/2001-08-26,3447
1338,2001-08-27/2001-09-02,3974
1339,2001-09-03/2001-09-09,3742
1340,2001-09-10/2001-09-16,3610
1341,2001-09-17/2001-09-23,3743
1342,2001-09-24/2001-09-30,3110
1343,2001-10-01/2001-10-07,3232
1344,2001-10-08/2001-10-14,3477
1345,2001-10-15/2001-10-21,3590
1346,2001-10-22/2001-10-28,3626
1347,2001-10-29/2001-11-04,3205
1348,2001-11-05/2001-11-11,3517
1349,2001-11-12/2001-11-18,3556
1350,2001-11-19/2001-11-25,3996
1351,2001-11-26/2001-12-02,3682
1352,2001-12-03/2001-12-09,3428
1353,2001-12-10/2001-12-16,3419
1354,2001-12-17/2001-12-23,1821
1355,2001-12-24/2001-12-30,2256
1356,2001-12-31/2002-01-06,2188
1357,2002-01-07/2002-01-13,2145
1358,2002-01-14/2002-01-20,1738
1359,2002-01-21/2002-01-27,1629
1360,2002-01-28/2002-02-03,2203
1361,2002-02-04/2002-02-10,2187
1362,2002-02-11/2002-02-17,2216
1363,2002-02-18/2002-02-24,2280
1364,2002-02-25/2002-03-03,2570
1365,2002-03-04/2002-03-10,2360
1366,2002-03-11/2002-03-17,3314
1367,2002-03-18/2002-03-24,3598
1368,2002-03-25/2002-03-31,3489
1369,2002-04-01/2002-04-07,3823
1370,2002-04-08/2002-04-14,3937
1371,2002-04-15/2002-04-21,4090
1372,2002-04-22/2002-04-28,3957
1373,2002-04-29/2002-05-05,4117
1374,2002-05-06/2002-05-12,4423
1375,2002-05-13/2002-05-19,4097
1376,2002-05-20/2002-05-26,4431
1377,2002-05-27/2002-06-02,4087
1378,2002-06-03/2002-06-09,4299
1379,2002-06-10/2002-06-16,4449
1380,2002-06-17/2002-06-23,3401
1381,2002-06-24/2002-06-30,4218
1382,2002-07-01/2002-07-07,3644
1383,2002-07-08/2002-07-14,3511
1384,2002-07-15/2002-07-21,3643
1385,2002-07-22/2002-07-28,3579
1386,2002-07-29/2002-08-04,2304
1387,2002-08-05/2002-08-11,3781
1388,2002-08-12/2002-08-18,4343
1389,2002-08-19/2002-08-25,4333
1390,2002-08-26/2002-09-01,4227
1391,2002-09-02/2002-09-08,3883
1392,2002-09-09/2002-09-15,3850
1393,2002-09-16/2002-09-22,4010
1394,2002-09-23/2002-09-29,4293
1395,2002-09-30/2002-10-06,3275
1396,2002-10-07/2002-10-13,3708
1397,2002-10-14/2002-10-20,3818
1398,2002-10-21/2002-10-27,3745
1399,2002-10-28/2002-11-03,3722
1400,2002-11-04/2002-11-10,4075
1401,2002-11-11/2002-11-17,3659
1402,2002-11-18/2002-11-24,3591
1403,2002-11-25/2002-12-01,3793
1404,2002-12-02/2002-12-08,3441
1405,2002-12-09/2002-12-15,3558
1406,2002-12-16/2002-12-22,3482
1407,2002-12-23/2002-12-29,2477
1408,2002-12-30/2003-01-05,3503
1409,2003-01-06/2003-01-12,3566
1410,2003-01-13/2003-01-19,2984
1411,2003-01-20/2003-01-26,2968
1412,2003-01-27/2003-02-02,2972
1413,2003-02-03/2003-02-09,3676
1414,2003-02-10/2003-02-16,3662
1415,2003-02-17/2003-02-23,3781
1416,2003-02-24/2003-03-02,3777
1417,2003-03-03/2003-03-09,3862
1418,2003-03-10/2003-03-16,2881
1419,2003-03-17/2003-03-23,3798
1420,2003-03-24/2003-03-30,3851
1421,2003-03-31/2003-04-06,3853
1422,2003-04-07/2003-04-13,3856
1423,2003-04-14/2003-04-20,3839
1424,2003-04-21/2003-04-27,3844
1425,2003-04-28/2003-05-04,3928
1426,2003-05-05/2003-05-11,3971
1427,2003-05-12/2003-05-18,3873
1428,2003-05-19/2003-05-25,3923
1429,2003-05-26/2003-06-01,3712
1430,2003-06-02/2003-06-08,3745
1431,2003-06-09/2003-06-15,3746
1432,2003-06-16/2003-06-22,3322
1433,2003-06-23/2003-06-29,3750
1434,2003-06-30/2003-07-06,3761
1435,2003-07-07/2003-07-13,3762
1436,2003-07-14/2003-07-20,3756
1437,2003-07-21/2003-07-27,3692
1438,2003-07-28/2003-08-03,3214
1439,2003-08-04/2003-08-10,3313
1440,2003-08-11/2003-08-17,2713
1441,2003-08-18/2003-08-24,2833
1442,2003-08-25/2003-08-31,3062
1443,2003-09-01/2003-09-07,3808
1444,2003-09-08/2003-09-14,3703
1445,2003-09-15/2003-09-21,3596
1446,2003-09-22/2003-09-28,3667
1447,2003-09-29/2003-10-05,3813
1448,2003-10-06/2003-10-12,2563
1449,2003-10-13/2003-10-19,2854
1450,2003-10-20/2003-10-26,3338
1451,2003-10-27/2003-11-02,3640
1452,2003-11-03/2003-11-09,3847
1453,2003-11-10/2003-11-16,4062
1454,2003-11-17/2003-11-23,4044
1455,2003-11-24/2003-11-30,4054
1456,2003-12-01/2003-12-07,4059
1457,2003-12-08/2003-12-14,4098
1458,2003-12-15/2003-12-21,3905
1459,2003-12-22/2003-12-28,2915
1460,2003-12-29/2004-01-04,3892
1461,2004-01-05/2004-01-11,3888
1462,2004-01-12/2004-01-18,3897
1463,2004-01-19/2004-01-25,2748
1464,2004-01-26/2004-02-01,3333
1465,2004-02-02/2004-02-08,3851
1466,2004-02-09/2004-02-15,3753
1467,2004-02-16/2004-02-22,3549
1468,2004-02-23/2004-02-29,3759
1469,2004-03-01/2004-03-07,3652
1470,2004-03-08/2004-03-14,3645
1471,2004-03-15/2004-03-21,3485
1472,2004-03-22/2004-03-28,3654
1473,2004-03-29/2004-04-04,3544
1474,2004-04-05/2004-04-11,3755
1475,2004-04-12/2004-04-18,3745
1476,2004-04-19/2004-04-25,3832
1477,2004-04-26/2004-05-02,3760
1478,2004-05-03/2004-05-09,3770
1479,2004-05-10/2004-05-16,3766
1480,2004-05-17/2004-05-23,3579
1481,2004-05-24/2004-05-30,3597
1482,2004-05-31/2004-06-06,3592
1483,2004-06-07/2004-06-13,3603
1484,2004-06-14/2004-06-20,3593
1485,2004-06-21/2004-06-27,3493
1486,2004-06-28/2004-07-04,3397
1487,2004-07-05/2004-07-11,3414
1488,2004-07-12/2004-07-18,2805
1489,2004-07-19/2004-07-25,3255
1490,2004-07-26/2004-08-01,2948
1491,2004-08-02/2004-08-08,3648
1492,2004-08-09/2004-08-15,3790
1493,2004-08-16/2004-08-22,3747
1494,2004-08-23/2004-08-29,3745
1495,2004-08-30/2004-09-05,3699
1496,2004-09-06/2004-09-12,3732
1497,2004-09-13/2004-09-19,3639
1498,2004-09-20/2004-09-26,3724
1499,2004-09-27/2004-10-03,3630
1500,2004-10-04/2004-10-10,3040
1501,2004-10-11/2004-10-17,2969
1502,2004-10-18/2004-10-24,3101
1503,2004-10-25/2004-10-31,3109
1504,2004-11-01/2004-11-07,3585
1505,2004-11-08/2004-11-14,3569
1506,2004-11-15/2004-11-21,3508
1507,2004-11-22/2004-11-28,3591
1508,2004-11-29/2004-12-05,3590
1509,2004-12-06/2004-12-12,3316
1510,2004-12-13/2004-12-19,2951
1511,2004-12-20/2004-12-26,2353
1512,2004-12-27/2005-01-02,2715
1513,2005-01-03/2005-01-09,3195
1514,2005-01-10/2005-01-16,3337
1515,2005-01-17/2005-01-23,2764
1516,2005-01-24/2005-01-30,2847
1517,2005-01-31/2005-02-06,3337
1518,2005-02-07/2005-02-13,3129
1519,2005-02-14/2005-02-20,3306
1520,2005-02-21/2005-02-27,3143
1521,2005-02-28/2005-03-06,3108
1522,2005-03-07/2005-03-13,3233
1523,2005-03-14/2005-03-20,3064
1524,2005-03-21/2005-03-27,3048
1525,2005-03-28/2005-04-03,3052
1526,2005-04-04/2005-04-10,3342
1527,2005-04-11/2005-04-17,3157
1528,2005-04-18/2005-04-24,3195
1529,2005-04-25/2005-05-01,3362
1530,2005-05-02/2005-05-08,3404
1531,2005-05-09/2005-05-15,3244
1532,2005-05-16/2005-05-22,3458
1533,2005-05-23/2005-05-29,3486
1534,2005-05-30/2005-06-05,3031
1535,2005-06-06/2005-06-12,3292
1536,2005-06-13/2005-06-19,3251
1537,2005-06-20/2005-06-26,2892
1538,2005-06-27/2005-07-03,2785
1539,2005-07-04/2005-07-10,3054
1540,2005-07-11/2005-07-17,2921
1541,2005-07-18/2005-07-24,2819
1542,2005-07-25/2005-07-31,2379
1543,2005-08-01/2005-08-07,3102
1544,2005-08-08/2005-08-14,3157
1545,2005-08-15/2005-08-21,3306
1546,2005-08-22/2005-08-28,3467
1547,2005-08-29/2005-09-04,3589
1548,2005-09-05/2005-09-11,3612
1549,2005-09-12/2005-09-18,3602
1550,2005-09-19/2005-09-25,3630
1551,2005-09-26/2005-10-02,3093
1552,2005-10-03/2005-10-09,2130
1553,2005-10-10/2005-10-16,2302
1554,2005-10-17/2005-10-23,2659
1555,2005-10-24/2005-10-30,2283
1556,2005-10-31/2005-11-06,2723
1557,2005-11-07/2005-11-13,2295
1558,2005-11-14/2005-11-20,2219
1559,2005-11-21/2005-11-27,2782
1560,2005-11-28/2005-12-04,2890
1561,2005-12-05/2005-12-11,2919
1562,2005-12-12/2005-12-18,2873
1563,2005-12-19/2005-12-25,2512
1564,2005-12-26/2006-01-01,3049
1565,2006-01-02/2006-01-08,2302
1566,2006-01-09/2006-01-15,2790
1567,2006-01-16/2006-01-22,2215
1568,2006-01-23/2006-01-29,2590
1569,2006-01-30/2006-02-05,3573
1570,2006-02-06/2006-02-12,3561
1571,2006-02-13/2006-02-19,3919
1572,2006-02-20/2006-02-26,4061
1573,2006-02-27/2006-03-05,4014
1574,2006-03-06/2006-03-12,4029
1575,2006-03-13/2006-03-19,3198
1576,2006-03-20/2006-03-26,4230
1577,2006-03-27/2006-04-02,4226
1578,2006-04-03/2006-04-09,4180
1579,2006-04-10/2006-04-16,3978
1580,2006-04-17/2006-04-23,4251
1581,2006-04-24/2006-04-30,4367
1582,2006-05-01/2006-05-07,4325
1583,2006-05-08/2006-05-14,4320
1584,2006-05-15/2006-05-21,4321
1585,2006-05-22/2006-05-28,4322
1586,2006-05-29/2006-06-04,4333
1587,2006-06-05/2006-06-11,4328
1588,2006-06-12/2006-06-18,4345
1589,2006-06-19/2006-06-25,3449
1590,2006-06-26/2006-07-02,4235
1591,2006-07-03/2006-07-09,4135
1592,2006-07-10/2006-07-16,4154
1593,2006-07-17/2006-07-23,4046
1594,2006-07-24/2006-07-30,2590
1595,2006-07-31/2006-08-06,3877
1596,2006-08-07/2006-08-13,3894
1597,2006-08-14/2006-08-20,4027
1598,2006-08-21/2006-08-27,3639
1599,2006-08-28/2006-09-03,4061
1600,2006-09-04/2006-09-10,4076
1601,2006-09-11/2006-09-17,4116
1602,2006-09-18/2006-09-24,4198
1603,2006-09-25/2006-10-01,3384
1604,2006-10-02/2006-10-08,3790
1605,2006-10-09/2006-10-15,3798
1606,2006-10-16/2006-10-22,3949
1607,2006-10-23/2006-10-29,3707
1608,2006-10-30/2006-11-05,3904
1609,2006-11-06/2006-11-12,3422
1610,2006-11-13/2006-11-19,3425
1611,2006-11-20/2006-11-26,3307
1612,2006-11-27/2006-12-03,3794
1613,2006-12-04/2006-12-10,3589
1614,2006-12-11/2006-12-17,3783
1615,2006-12-18/2006-12-24,2493
1616,2006-12-25/2006-12-31,3869
1617,2007-01-01/2007-01-07,3883
1618,2007-01-08/2007-01-14,3888
1619,2007-01-15/2007-01-21,2919
1620,2007-01-22/2007-01-28,3193
1621,2007-01-29/2007-02-04,3950
1622,2007-02-05/2007-02-11,3234
1623,2007-02-12/2007-02-18,3950
1624,2007-02-19/2007-02-25,3983
1625,2007-02-26/2007-03-04,3988
1626,2007-03-05/2007-03-11,3402
1627,2007-03-12/2007-03-18,3621
1628,2007-03-19/2007-03-25,3801
1629,2007-03-26/2007-04-01,3509
1630,2007-04-02/2007-04-08,3628
1631,2007-04-09/2007-04-15,3616
1632,2007-04-16/2007-04-22,3636
1633,2007-04-23/2007-04-29,3633
1634,2007-04-30/2007-05-06,3634
1635,2007-05-07/2007-05-13,3622
1636,2007-05-14/2007-05-20,3515
1637,2007-05-21/2007-05-27,3356
1638,2007-05-28/2007-06-03,3453
1639,2007-06-04/2007-06-10,3610
1640,2007-06-11/2007-06-17,3615
1641,2007-06-18/2007-06-24,2851
1642,2007-06-25/2007-07-01,3607
1643,2007-07-02/2007-07-08,3611
1644,2007-07-09/2007-07-15,3512
1645,2007-07-16/2007-07-22,3513
1646,2007-07-23/2007-07-29,3501
1647,2007-07-30/2007-08-05,2857
1648,2007-08-06/2007-08-12,3523
1649,2007-08-13/2007-08-19,3505
1650,2007-08-20/2007-08-26,3522
1651,2007-08-27/2007-09-02,3395
1652,2007-09-03/2007-09-09,3657
1653,2007-09-10/2007-09-16,3540
1654,2007-09-17/2007-09-23,3541
1655,2007-09-24/2007-09-30,2843
1656,2007-10-01/2007-10-07,3403
1657,2007-10-08/2007-10-14,3615
1658,2007-10-15/2007-10-21,3508
1659,2007-10-22/2007-10-28,3511
1660,2007-10-29/2007-11-04,3528
1661,2007-11-05/2007-11-11,3518
1662,2007-11-12/2007-11-18,3526
1663,2007-11-19/2007-11-25,3767
1664,2007-11-26/2007-12-02,3769
1665,2007-12-03/2007-12-09,3581
1666,2007-12-10/2007-12-16,3516
1667,2007-12-17/2007-12-23,2522
1668,2007-12-24/2007-12-30,3597
1669,2007-12-31/2008-01-06,2782
1670,2008-01-07/2008-01-13,2768
1671,2008-01-14/2008-01-20,2483
1672,2008-01-21/2008-01-27,2224
1673,2008-01-28/2008-02-03,3755
1674,2008-02-04/2008-02-10,3761
1675,2008-02-11/2008-02-17,3168
1676,2008-02-18/2008-02-24,3791
1677,2008-02-25/2008-03-02,3798
1678,2008-03-03/2008-03-09,3891
1679,2008-03-10/2008-03-16,3415
1680,2008-03-17/2008-03-23,3889
1681,2008-03-24/2008-03-30,3907
1682,2008-03-31/2008-04-06,3903
1683,2008-04-07/2008-04-13,3871
1684,2008-04-14/2008-04-20,3961
1685,2008-04-21/2008-04-27,3983
1686,2008-04-28/2008-05-04,3977
1687,2008-05-05/2008-05-11,3872
1688,2008-05-12/2008-05-18,3815
1689,2008-05-19/2008-05-25,3817
1690,2008-05-26/2008-06-01,3825
1691,2008-06-02/2008-06-08,3839
1692,2008-06-09/2008-06-15,3841
1693,2008-06-16/2008-06-22,3128
1694,2008-06-23/2008-06-29,3483
1695,2008-06-30/2008-07-06,3466
1696,2008-07-07/2008-07-13,3462
1697,2008-07-14/2008-07-20,3269
1698,2008-07-21/2008-07-27,3292
1699,2008-07-28/2008-08-03,2859
1700,2008-08-04/2008-08-10,3471
1701,2008-08-11/2008-08-17,3467
1702,2008-08-18/2008-08-24,3469
1703,2008-08-25/2008-08-31,3476
1704,2008-09-01/2008-09-07,3465
1705,2008-09-08/2008-09-14,3436
1706,2008-09-15/2008-09-21,2432
1707,2008-09-22/2008-09-28,2325
1708,2008-09-29/2008-10-05,2403
1709,2008-10-06/2008-10-12,3933
1710,2008-10-13/2008-10-19,3975
1711,2008-10-20/2008-10-26,3986
1712,2008-10-27/2008-11-02,3869
1713,2008-11-03/2008-11-09,3910
1714,2008-11-10/2008-11-16,3919
1715,2008-11-17/2008-11-23,3812
1716,2008-11-24/2008-11-30,3835
1717,2008-12-01/2008-12-07,3837
1718,2008-12-08/2008-12-14,3516
1719,2008-12-15/2008-12-21,3509
1720,2008-12-22/2008-12-28,2410
1721,2008-12-29/2009-01-04,3510
1722,2009-01-05/2009-01-11,3462
1723,2009-01-12/2009-01-18,3408
1724,2009-01-19/2009-01-25,2832
1725,2009-01-26/2009-02-01,3752
1726,2009-02-02/2009-02-08,3761
1727,2009-02-09/2009-02-15,3275
1728,2009-02-16/2009-02-22,3792
1729,2009-02-23/2009-03-01,3764
1730,2009-03-02/2009-03-08,3763
1731,2009-03-09/2009-03-15,3283
1732,2009-03-16/2009-03-22,3764
1733,2009-03-23/2009-03-29,3780
1734,2009-03-30/2009-04-05,3777
1735,2009-04-06/2009-04-12,3951
1736,2009-04-13/2009-04-19,3973
1737,2009-04-20/2009-04-26,3963
1738,2009-04-27/2009-05-03,3746
1739,2009-05-04/2009-05-10,3740
1740,2009-05-11/2009-05-17,3759
1741,2009-05-18/2009-05-24,3757
1742,2009-05-25/2009-05-31,3764
1743,2009-06-01/2009-06-07,3756
1744,2009-06-08/2009-06-14,3792
1745,2009-06-15/2009-06-21,3003
1746,2009-06-22/2009-06-28,3764
1747,2009-06-29/2009-07-05,3778
1748,2009-07-06/2009-07-12,3783
1749,2009-07-13/2009-07-19,3760
1750,2009-07-20/2009-07-26,3754
1751,2009-07-27/2009-08-02,2990
1752,2009-08-03/2009-08-09,3705
1753,2009-08-10/2009-08-16,3699
1754,2009-08-17/2009-08-23,3701
1755,2009-08-24/2009-08-30,3704
1756,2009-08-31/2009-09-06,3745
1757,2009-09-07/2009-09-13,3727
1758,2009-09-14/2009-09-20,3727
1759,2009-09-21/2009-09-27,3728
1760,2009-09-28/2009-10-04,2993
1761,2009-10-05/2009-10-11,3926
1762,2009-10-12/2009-10-18,3924
1763,2009-10-19/2009-10-25,3899
1764,2009-10-26/2009-11-01,3910
1765,2009-11-02/2009-11-08,3905
1766,2009-11-09/2009-11-15,3932
1767,2009-11-16/2009-11-22,3942
1768,2009-11-23/2009-11-29,3924
1769,2009-11-30/2009-12-06,3928
1770,2009-12-07/2009-12-13,3919
1771,2009-12-14/2009-12-20,3945
1772,2009-12-21/2009-12-27,2604
1773,2009-12-28/2010-01-03,4119
1774,2010-01-04/2010-01-10,4299
1775,2010-01-11/2010-01-17,3652
1776,2010-01-18/2010-01-24,3473
1777,2010-01-25/2010-01-31,3776
1778,2010-02-01/2010-02-07,4471
1779,2010-02-08/2010-02-14,3685
1780,2010-02-15/2010-02-21,4484
1781,2010-02-22/2010-02-28,4576
1782,2010-03-01/2010-03-07,4562
1783,2010-03-08/2010-03-14,3960
1784,2010-03-15/2010-03-21,4863
1785,2010-03-22/2010-03-28,4855
1786,2010-03-29/2010-04-04,4877
1787,2010-04-05/2010-04-11,4770
1788,2010-04-12/2010-04-18,4864
1789,2010-04-19/2010-04-25,4855
1790,2010-04-26/2010-05-02,4998
1791,2010-05-03/2010-05-09,4956
1792,2010-05-10/2010-05-16,5061
1793,2010-05-17/2010-05-23,5046
1794,2010-05-24/2010-05-30,5074
1795,2010-05-31/2010-06-06,5061
1796,2010-06-07/2010-06-13,5049
1797,2010-06-14/2010-06-20,5039
1798,2010-06-21/2010-06-27,4163
1799,2010-06-28/2010-07-04,5093
1800,2010-07-05/2010-07-11,5090
1801,2010-07-12/2010-07-18,5094
1802,2010-07-19/2010-07-25,5072
1803,2010-07-26/2010-08-01,4134
1804,2010-08-02/2010-08-08,5070
1805,2010-08-09/2010-08-15,5097
1806,2010-08-16/2010-08-22,5131
1807,2010-08-23/2010-08-29,5120
1808,2010-08-30/2010-09-05,5099
1809,2010-09-06/2010-09-12,5106
1810,2010-09-13/2010-09-19,4898
1811,2010-09-20/2010-09-26,5047
1812,2010-09-27/2010-10-03,3963
1813,2010-10-04/2010-10-10,4774
1814,2010-10-11/2010-10-17,4820
1815,2010-10-18/2010-10-24,4699
1816,2010-10-25/2010-10-31,4865
1817,2010-11-01/2010-11-07,4829
1818,2010-11-08/2010-11-14,4817
1819,2010-11-15/2010-11-21,4965
1820,2010-11-22/2010-11-28,4933
1821,2010-11-29/2010-12-05,4432
1822,2010-12-06/2010-12-12,4930
1823,2010-12-13/2010-12-19,4913
1824,2010-12-20/2010-12-26,3065
1825,2010-12-27/2011-01-02,5074
1826,2011-01-03/2011-01-09,5057
1827,2011-01-10/2011-01-16,5069
1828,2011-01-17/2011-01-23,3849
1829,2011-01-24/2011-01-30,4247
1830,2011-01-31/2011-02-06,5170
1831,2011-02-07/2011-02-13,4234
1832,2011-02-14/2011-02-20,5070
1833,2011-02-21/2011-02-27,5077
1834,2011-02-28/2011-03-06,5043
1835,2011-03-07/2011-03-13,5132
1836,2011-03-14/2011-03-20,4123
1837,2011-03-21/2011-03-27,5079
1838,2011-03-28/2011-04-03,5072
1839,2011-04-04/2011-04-10,3935
1840,2011-04-11/2011-04-17,5075
1841,2011-04-18/2011-04-24,5059
1842,2011-04-25/2011-05-01,3920
1843,2011-05-02/2011-05-08,3924
1844,2011-05-09/2011-05-15,4540
1845,2011-05-16/2011-05-22,4518
1846,2011-05-23/2011-05-29,4508
1847,2011-05-30/2011-06-05,4542
1848,2011-06-06/2011-06-12,4931
1849,2011-06-13/2011-06-19,4924
1850,2011-06-20/2011-06-26,4119
1851,2011-06-27/2011-07-03,5020
1852,2011-07-04/2011-07-10,4351
1853,2011-07-11/2011-07-17,5021
1854,2011-07-18/2011-07-24,5009
1855,2011-07-25/2011-07-31,3427
1856,2011-08-01/2011-08-07,5114
1857,2011-08-08/2011-08-14,5120
1858,2011-08-15/2011-08-21,5122
1859,2011-08-22/2011-08-28,5119
1860,2011-08-29/2011-09-04,5102
1861,2011-09-05/2011-09-11,5045
1862,2011-09-12/2011-09-18,5028
1863,2011-09-19/2011-09-25,5023
1864,2011-09-26/2011-10-02,3966
1865,2011-10-03/2011-10-09,5061
1866,2011-10-10/2011-10-16,5032
1867,2011-10-17/2011-10-23,5075
1868,2011-10-24/2011-10-30,5063
1869,2011-10-31/2011-11-06,5066
1870,2011-11-07/2011-11-13,5068
1871,2011-11-14/2011-11-20,5244
1872,2011-11-21/2011-11-27,5239
1873,2011-11-28/2011-12-04,4182
1874,2011-12-05/2011-12-11,5246
1875,2011-12-12/2011-12-18,5251
1876,2011-12-19/2011-12-25,3961
1877,2011-12-26/2012-01-01,4929
1878,2012-01-02/2012-01-08,4479
1879,2012-01-09/2012-01-15,5292
1880,2012-01-16/2012-01-22,4218
1881,2012-01-23/2012-01-29,4725
1882,2012-01-30/2012-02-05,5265
1883,2012-02-06/2012-02-12,4302
1884,2012-02-13/2012-02-19,5272
1885,2012-02-20/2012-02-26,5284
1886,2012-02-27/2012-03-04,5271
1887,2012-03-05/2012-03-11,5333
1888,2012-03-12/2012-03-18,4334
1889,2012-03-19/2012-03-25,5414
1890,2012-03-26/2012-04-01,5425
1891,2012-04-02/2012-04-08,5623
1892,2012-04-09/2012-04-15,5624
1893,2012-04-16/2012-04-22,5432
1894,2012-04-23/2012-04-29,5419
1895,2012-04-30/2012-05-06,5520
1896,2012-05-07/2012-05-13,5525
1897,2012-05-14/2012-05-20,5319
1898,2012-05-21/2012-05-27,5313
1899,2012-05-28/2012-06-03,5726
1900,2012-06-04/2012-06-10,5459
1901,2012-06-11/2012-06-17,5470
1902,2012-06-18/2012-06-24,4412
1903,2012-06-25/2012-07-01,4912
1904,2012-07-02/2012-07-08,5557
1905,2012-07-09/2012-07-15,5548
1906,2012-07-16/2012-07-22,5770
1907,2012-07-23/2012-07-29,5537
1908,2012-07-30/2012-08-05,4617
1909,2012-08-06/2012-08-12,5676
1910,2012-08-13/2012-08-19,5780
1911,2012-08-20/2012-08-26,5766
1912,2012-08-27/2012-09-02,5773
1913,2012-09-03/2012-09-09,5766
1914,2012-09-10/2012-09-16,5784
1915,2012-09-17/2012-09-23,5782
1916,2012-09-24/2012-09-30,4568
1917,2012-10-01/2012-10-07,5625
1918,2012-10-08/2012-10-14,5259
1919,2012-10-15/2012-10-21,5670
1920,2012-10-22/2012-10-28,5778
1921,2012-10-29/2012-11-04,5761
1922,2012-11-05/2012-11-11,5674
1923,2012-11-12/2012-11-18,5517
1924,2012-11-19/2012-11-25,4339
1925,2012-11-26/2012-12-02,5925
1926,2012-12-03/2012-12-09,5902
1927,2012-12-10/2012-12-16,5913
1928,2012-12-17/2012-12-23,3567
1929,2012-12-24/2012-12-30,6063
1930,2012-12-31/2013-01-06,6082
1931,2013-01-07/2013-01-13,6065
1932,2013-01-14/2013-01-20,3727
1933,2013-01-21/2013-01-27,3717
1934,2013-01-28/2013-02-03,6055
1935,2013-02-04/2013-02-10,6073
1936,2013-02-11/2013-02-17,4901
1937,2013-02-18/2013-02-24,6292
1938,2013-02-25/2013-03-03,6254
1939,2013-03-04/2013-03-10,6275
1940,2013-03-11/2013-03-17,4720
1941,2013-03-18/2013-03-24,6072
1942,2013-03-25/2013-03-31,5648
1943,2013-04-01/2013-04-07,5852
1944,2013-04-08/2013-04-14,5413
1945,2013-04-15/2013-04-21,6268
1946,2013-04-22/2013-04-28,6062
1947,2013-04-29/2013-05-05,5006
1948,2013-05-06/2013-05-12,5104
1949,2013-05-13/2013-05-19,5405
1950,2013-05-20/2013-05-26,5417
1951,2013-05-27/2013-06-02,5417
1952,2013-06-03/2013-06-09,5953
1953,2013-06-10/2013-06-16,5972
1954,2013-06-17/2013-06-23,4665
1955,2013-06-24/2013-06-30,5854
1956,2013-07-01/2013-07-07,5681
1957,2013-07-08/2013-07-14,5878
1958,2013-07-15/2013-07-21,5865
1959,2013-07-22/2013-07-28,5963
1960,2013-07-29/2013-08-04,4017
1961,2013-08-05/2013-08-11,6179
1962,2013-08-12/2013-08-18,6172
1963,2013-08-19/2013-08-25,6149
1964,2013-08-26/2013-09-01,6157
1965,2013-09-02/2013-09-08,6161
1966,2013-09-09/2013-09-15,6173
1967,2013-09-16/2013-09-22,6153
1968,2013-09-23/2013-09-29,4924
1969,2013-09-30/2013-10-06,5958
1970,2013-10-07/2013-10-13,6227
1971,2013-10-14/2013-10-20,6219
1972,2013-10-21/2013-10-27,6180
1973,2013-10-28/2013-11-03,6210
1974,2013-11-04/2013-11-10,6209
1975,2013-11-11/2013-11-17,6192
1976,2013-11-18/2013-11-24,6246
1977,2013-11-25/2013-12-01,6294
1978,2013-12-02/2013-12-08,6267
1979,2013-12-09/2013-12-15,6260
1980,2013-12-16/2013-12-22,6253
1981,2013-12-23/2013-12-29,3212
1982,2013-12-30/2014-01-05,6190
1983,2014-01-06/2014-01-12,6214
1984,2014-01-13/2014-01-19,4402
1985,2014-01-20/2014-01-26,4657
1986,2014-01-27/2014-02-02,4950
1987,2014-02-03/2014-02-09,6334
1988,2014-02-10/2014-02-16,4960
1989,2014-02-17/2014-02-23,6336
1990,2014-02-24/2014-03-02,5556
1991,2014-03-03/2014-03-09,6405
1992,2014-03-10/2014-03-16,4109
1993,2014-03-17/2014-03-23,6398
1994,2014-03-24/2014-03-30,6392
1995,2014-03-31/2014-04-06,6077
1996,2014-04-07/2014-04-13,6154
1997,2014-04-14/2014-04-20,6602
1998,2014-04-21/2014-04-27,6745
1999,2014-04-28/2014-05-04,6739
2000,2014-05-05/2014-05-11,6745
2001,2014-05-12/2014-05-18,6964
2002,2014-05-19/2014-05-25,7057
2003,2014-05-26/2014-06-01,6953
2004,2014-06-02/2014-06-08,6962
2005,2014-06-09/2014-06-15,6941
2006,2014-06-16/2014-06-22,4905
2007,2014-06-23/2014-06-29,6936
2008,2014-06-30/2014-07-06,7065
2009,2014-07-07/2014-07-13,6976
2010,2014-07-14/2014-07-20,6996
2011,2014-07-21/2014-07-27,6826
2012,2014-07-28/2014-08-03,4999
2013,2014-08-04/2014-08-10,6750
2014,2014-08-11/2014-08-17,7109
2015,2014-08-18/2014-08-24,7142
2016,2014-08-25/2014-08-31,7101
2017,2014-09-01/2014-09-07,7080
2018,2014-09-08/2014-09-14,6896
2019,2014-09-15/2014-09-21,7092
2020,2014-09-22/2014-09-28,5020
2021,2014-09-29/2014-10-05,7041
2022,2014-10-06/2014-10-12,6844
2023,2014-10-13/2014-10-19,6829
2024,2014-10-20/2014-10-26,6499
2025,2014-10-27/2014-11-02,6500
2026,2014-11-03/2014-11-09,6489
2027,2014-11-10/2014-11-16,6494
2028,2014-11-17/2014-11-23,6488
2029,2014-11-24/2014-11-30,6009
2030,2014-12-01/2014-12-07,6173
2031,2014-12-08/2014-12-14,6144
2032,2014-12-15/2014-12-21,4990
2033,2014-12-22/2014-12-28,4384
2034,2014-12-29/2015-01-04,6585
2035,2015-01-05/2015-01-11,6396
2036,2015-01-12/2015-01-18,5007
2037,2015-01-19/2015-01-25,3257
2038,2015-01-26/2015-02-01,5204
2039,2015-02-02/2015-02-08,6730
2040,2015-02-09/2015-02-15,5336
2041,2015-02-16/2015-02-22,4804
2042,2015-02-23/2015-03-01,7495
2043,2015-03-02/2015-03-08,7011
2044,2015-03-09/2015-03-15,5510
2045,2015-03-16/2015-03-22,7013
2046,2015-03-23/2015-03-29,6816
2047,2015-03-30/2015-04-05,6805
2048,2015-04-06/2015-04-12,6816
2049,2015-04-13/2015-04-19,6888
2050,2015-04-20/2015-04-26,6590
2051,2015-04-27/2015-05-03,6347
2052,2015-05-04/2015-05-10,6255
2053,2015-05-11/2015-05-17,5983
2054,2015-05-18/2015-05-24,6166
2055,2015-05-25/2015-05-31,6353
2056,2015-06-01/2015-06-07,6374
2057,2015-06-08/2015-06-14,6461
2058,2015-06-15/2015-06-21,5268
2059,2015-06-22/2015-06-28,6520
2060,2015-06-29/2015-07-05,6335
2061,2015-07-06/2015-07-12,6761
2062,2015-07-13/2015-07-19,6613
2063,2015-07-20/2015-07-26,5008
2064,2015-07-27/2015-08-02,6517
2065,2015-08-03/2015-08-09,6526
2066,2015-08-10/2015-08-16,6750
2067,2015-08-17/2015-08-23,6745
2068,2015-08-24/2015-08-30,6259
2069,2015-08-31/2015-09-06,6509
2070,2015-09-07/2015-09-13,6820
2071,2015-09-14/2015-09-20,6808
2072,2015-09-21/2015-09-27,6788
2073,2015-09-28/2015-10-04,5167
2074,2015-10-05/2015-10-11,6776
2075,2015-10-12/2015-10-18,6774
2076,2015-10-19/2015-10-25,6774
2077,2015-10-26/2015-11-01,6115
2078,2015-11-02/2015-11-08,6763
2079,2015-11-09/2015-11-15,6762
2080,2015-11-16/2015-11-22,6774
2081,2015-11-23/2015-11-29,6797
2082,2015-11-30/2015-12-06,6771
2083,2015-12-07/2015-12-13,6740
2084,2015-12-14/2015-12-20,5539
2085,2015-12-21/2015-12-27,4609
2086,2015-12-28/2016-01-03,6764
2087,2016-01-04/2016-01-10,6775
2088,2016-01-11/2016-01-17,5525
2089,2016-01-18/2016-01-24,4046
2090,2016-01-25/2016-01-31,6771
2091,2016-02-01/2016-02-07,6784
2092,2016-02-08/2016-02-14,5373
2093,2016-02-15/2016-02-21,6759
2094,2016-02-22/2016-02-28,6746
2095,2016-02-29/2016-03-06,6752
2096,2016-03-07/2016-03-13,5436
2097,2016-03-14/2016-03-20,6769
2098,2016-03-21/2016-03-27,6746
2099,2016-03-28/2016-04-03,6779
2100,2016-04-04/2016-04-10,6778
2101,2016-04-11/2016-04-17,6757
2102,2016-04-18/2016-04-24,6774
2103,2016-04-25/2016-05-01,6782
2104,2016-05-02/2016-05-08,6768
2105,2016-05-09/2016-05-15,6842
2106,2016-05-16/2016-05-22,6754
2107,2016-05-23/2016-05-29,7043
2108,2016-05-30/2016-06-05,6896
2109,2016-06-06/2016-06-12,6883
2110,2016-06-13/2016-06-19,6811
2111,2016-06-20/2016-06-26,5409
2112,2016-06-27/2016-07-03,6319
2113,2016-07-04/2016-07-10,6523
2114,2016-07-11/2016-07-17,6528
2115,2016-07-18/2016-07-24,6513
2116,2016-07-25/2016-07-31,3898
2117,2016-08-01/2016-08-07,6609
2118,2016-08-08/2016-08-14,6798
2119,2016-08-15/2016-08-21,6789
2120,2016-08-22/2016-08-28,6801
2121,2016-08-29/2016-09-04,6793
2122,2016-09-05/2016-09-11,6794
2123,2016-09-12/2016-09-18,6785
2124,2016-09-19/2016-09-25,6895
2125,2016-09-26/2016-10-02,5426
2126,2016-10-03/2016-10-09,6680
2127,2016-10-10/2016-10-16,5988
2128,2016-10-17/2016-10-23,6664
2129,2016-10-24/2016-10-30,6537
2130,2016-10-31/2016-11-06,6300
2131,2016-11-07/2016-11-13,6597
2132,2016-11-14/2016-11-20,6570
2133,2016-11-21/2016-11-27,6915
2134,2016-11-28/2016-12-04,6920
2135,2016-12-05/2016-12-11,6902
2136,2016-12-12/2016-12-18,5499
2137,2016-12-19/2016-12-25,4857
2138,2016-12-26/2017-01-01,7016
2139,2017-01-02/2017-01-08,6505
2140,2017-01-09/2017-01-15,6965
2141,2017-01-16/2017-01-22,4973
2142,2017-01-23/2017-01-29,5521
2143,2017-01-30/2017-02-05,6909
2144,2017-02-06/2017-02-12,5485
2145,2017-02-13/2017-02-19,7125
2146,2017-02-20/2017-02-26,7115
2147,2017-02-27/2017-03-05,7123
2148,2017-03-06/2017-03-12,7102
2149,2017-03-13/2017-03-19,5496
2150,2017-03-20/2017-03-26,7112
2151,2017-03-27/2017-04-02,7098
2152,2017-04-03/2017-04-09,6155
2153,2017-04-10/2017-04-16,7579
2154,2017-04-17/2017-04-23,7602
2155,2017-04-24/2017-04-30,7116
2156,2017-05-01/2017-05-07,7117
2157,2017-05-08/2017-05-14,7113
2158,2017-05-15/2017-05-21,7119
2159,2017-05-22/2017-05-28,7099
2160,2017-05-29/2017-06-04,7189
2161,2017-06-05/2017-06-11,7199
2162,2017-06-12/2017-06-18,7218
2163,2017-06-19/2017-06-25,5791
2164,2017-06-26/2017-07-02,7219
2165,2017-07-03/2017-07-09,7056
2166,2017-07-10/2017-07-16,7371
2167,2017-07-17/2017-07-23,7206
2168,2017-07-24/2017-07-30,4212
2169,2017-07-31/2017-08-06,7208
2170,2017-08-07/2017-08-13,7218
2171,2017-08-14/2017-08-20,7229
2172,2017-08-21/2017-08-27,7207
2173,2017-08-28/2017-09-03,7202
2174,2017-09-04/2017-09-10,7199
2175,2017-09-11/2017-09-17,7216
2176,2017-09-18/2017-09-24,7230
2177,2017-09-25/2017-10-01,5798
2178,2017-10-02/2017-10-08,7218
2179,2017-10-09/2017-10-15,7233
2180,2017-10-16/2017-10-22,7203
2181,2017-10-23/2017-10-29,6837
2182,2017-10-30/2017-11-05,7198
2183,2017-11-06/2017-11-12,6858
2184,2017-11-13/2017-11-19,6879
2185,2017-11-20/2017-11-26,6876
2186,2017-11-27/2017-12-03,6873
2187,2017-12-04/2017-12-10,6884
2188,2017-12-11/2017-12-17,5494
2189,2017-12-18/2017-12-24,4796
2190,2017-12-25/2017-12-31,6841
2191,2018-01-01/2018-01-07,6920
2192,2018-01-08/2018-01-14,6921
2193,2018-01-15/2018-01-21,5591
2194,2018-01-22/2018-01-28,5503
2195,2018-01-29/2018-02-04,6819
2196,2018-02-05/2018-02-11,5505
2197,2018-02-12/2018-02-18,6825
2198,2018-02-19/2018-02-25,6841
2199,2018-02-26/2018-03-04,6869
2200,2018-03-05/2018-03-11,6867
2201,2018-03-12/2018-03-18,5497
2202,2018-03-19/2018-03-25,6834
2203,2018-03-26/2018-04-01,6833
2204,2018-04-02/2018-04-08,6404
2205,2018-04-09/2018-04-15,7030
2206,2018-04-16/2018-04-22,6790
2207,2018-04-23/2018-04-29,6684
2208,2018-04-30/2018-05-06,6817
2209,2018-05-07/2018-05-13,6845
2210,2018-05-14/2018-05-20,6842
2211,2018-05-21/2018-05-27,6634
2212,2018-05-28/2018-06-03,6893
2213,2018-06-04/2018-06-10,6860
2214,2018-06-11/2018-06-17,6879
2215,2018-06-18/2018-06-24,5488
2216,2018-06-25/2018-07-01,6465
2217,2018-07-02/2018-07-08,6531
2218,2018-07-09/2018-07-15,6529
2219,2018-07-16/2018-07-22,7225
2220,2018-07-23/2018-07-29,6554
2221,2018-07-30/2018-08-05,5300
2222,2018-08-06/2018-08-12,6731
2223,2018-08-13/2018-08-19,7035
2224,2018-08-20/2018-08-26,6862
2225,2018-08-27/2018-09-02,7027
2226,2018-09-03/2018-09-09,6976
2227,2018-09-10/2018-09-16,6178
2228,2018-09-17/2018-09-23,4557
2229,2018-09-24/2018-09-30,5465
2230,2018-10-01/2018-10-07,7148
2231,2018-10-08/2018-10-14,6960
2232,2018-10-15/2018-10-21,7162
2233,2018-10-22/2018-10-28,7134
2234,2018-10-29/2018-11-04,6608
2235,2018-11-05/2018-11-11,6653
2236,2018-11-12/2018-11-18,7142
2237,2018-11-19/2018-11-25,7117
2238,2018-11-26/2018-12-02,7077
2239,2018-12-03/2018-12-09,6906
2240,2018-12-10/2018-12-16,5694
2241,2018-12-17/2018-12-23,4942
2242,2018-12-24/2018-12-30,7135
2243,2018-12-31/2019-01-06,7126
2244,2019-01-07/2019-01-13,7161
2245,2019-01-14/2019-01-20,4070
2246,2019-01-21/2019-01-27,5984
2247,2019-01-28/2019-02-03,7144
2248,2019-02-04/2019-02-10,7136
2249,2019-02-11/2019-02-17,5689
2250,2019-02-18/2019-02-24,7172
2251,2019-02-25/2019-03-03,7187
2252,2019-03-04/2019-03-10,7164
2253,2019-03-11/2019-03-17,5887
2254,2019-03-18/2019-03-24,7220
2255,2019-03-25/2019-03-31,7212
2256,2019-04-01/2019-04-07,7286
2257,2019-04-08/2019-04-14,7287
2258,2019-04-15/2019-04-21,7398
2259,2019-04-22/2019-04-28,7321
2260,2019-04-29/2019-05-05,7470
2261,2019-05-06/2019-05-12,7631
2262,2019-05-13/2019-05-19,7581
2263,2019-05-20/2019-05-26,7731
2264,2019-05-27/2019-06-02,8061
2265,2019-06-03/2019-06-09,8069
2266,2019-06-10/2019-06-16,7972
2267,2019-06-17/2019-06-23,6236
2268,2019-06-24/2019-06-30,7999
2269,2019-07-01/2019-07-07,8034
2270,2019-07-08/2019-07-14,8016
2271,2019-07-15/2019-07-21,8004
2272,2019-07-22/2019-07-28,6239
2273,2019-07-29/2019-08-04,6246
2274,2019-08-05/2019-08-11,8014
2275,2019-08-12/2019-08-18,8052
2276,2019-08-19/2019-08-25,7890
2277,2019-08-26/2019-09-01,8276
2278,2019-09-02/2019-09-08,8288
2279,2019-09-09/2019-09-15,8209
2280,2019-09-16/2019-09-22,8159
2281,2019-09-23/2019-09-29,6476
2282,2019-09-30/2019-10-06,8128
2283,2019-10-07/2019-10-13,8161
2284,2019-10-14/2019-10-20,8521
2285,2019-10-21/2019-10-27,7953
2286,2019-10-28/2019-11-03,7976
2287,2019-11-04/2019-11-10,8218
2288,2019-11-11/2019-11-17,8179
2289,2019-11-18/2019-11-24,8156
2290,2019-11-25/2019-12-01,7886
2291,2019-12-02/2019-12-08,7905
2292,2019-12-09/2019-12-15,7901
2293,2019-12-16/2019-12-22,6052
2294,2019-12-23/2019-12-29,5599
2295,2019-12-30/2020-01-05,7886
2296,2020-01-06/2020-01-12,7889
2297,2020-01-13/2020-01-19,5970
2298,2020-01-20/2020-01-26,6149
2299,2020-01-27/2020-02-02,6140
2300,2020-02-03/2020-02-09,7870
2301,2020-02-10/2020-02-16,6126
2302,2020-02-17/2020-02-23,7883
2303,2020-02-24/2020-03-01,7895
2304,2020-03-02/2020-03-08,7877
2305,2020-03-09/2020-03-15,6130
2306,2020-03-16/2020-03-22,7875
2307,2020-03-23/2020-03-29,7867
2308,2020-03-30/2020-04-05,7898
2309,2020-04-06/2020-04-12,7880
2310,2020-04-13/2020-04-19,7872
2311,2020-04-20/2020-04-26,7875
2312,2020-04-27/2020-05-03,7861
2313,2020-05-04/2020-05-10,7879
2314,2020-05-11/2020-05-17,7885
2315,2020-05-18/2020-05-24,7888
2316,2020-05-25/2020-05-31,7882
2317,2020-06-01/2020-06-07,7881
2318,2020-06-08/2020-06-14,7869
2319,2020-06-15/2020-06-21,6148
2320,2020-06-22/2020-06-28,7869
2321,2020-06-29/2020-07-05,7858
2322,2020-07-06/2020-07-12,7890
2323,2020-07-13/2020-07-19,7876
2324,2020-07-20/2020-07-26,6120
2325,2020-07-27/2020-08-02,7859
2326,2020-08-03/2020-08-09,7874
2327,2020-08-10/2020-08-16,7883
2328,2020-08-17/2020-08-23,7860
2329,2020-08-24/2020-08-30,7889
2330,2020-08-31/2020-09-06,7886
2331,2020-09-07/2020-09-13,7879
2332,2020-09-14/2020-09-20,7726
2333,2020-09-21/2020-09-27,7032
2334,2020-09-28/2020-10-04,6316
2335,2020-10-05/2020-10-11,7901
2336,2020-10-12/2020-10-18,7909
2337,2020-10-19/2020-10-25,7902
2338,2020-10-26/2020-11-01,7890
2339,2020-11-02/2020-11-08,7853
2340,2020-11-09/2020-11-15,7873
2341,2020-11-16/2020-11-22,7901
2342,2020-11-23/2020-11-29,7889
2343,2020-11-30/2020-12-06,7942
2344,2020-12-07/2020-12-13,7949
2345,2020-12-14/2020-12-20,6410
2346,2020-12-21/2020-12-27,5179
2347,2020-12-28/2021-01-03,7668
2348,2021-01-04/2021-01-10,7680
2349,2021-01-11/2021-01-17,6143
2350,2021-01-18/2021-01-24,4605
2351,2021-01-25/2021-01-31,7871
2352,2021-02-01/2021-02-07,7878
2353,2021-02-08/2021-02-14,6292
2354,2021-02-15/2021-02-21,7845
2355,2021-02-22/2021-02-28,7881
2356,2021-03-01/2021-03-07,7874
2357,2021-03-08/2021-03-14,6291
2358,2021-03-15/2021-03-21,7654
2359,2021-03-22/2021-03-28,7678
2360,2021-03-29/2021-04-04,7671
2361,2021-04-05/2021-04-11,7469
2362,2021-04-12/2021-04-18,7676
2363,2021-04-19/2021-04-25,7261
2364,2021-04-26/2021-05-02,7262
2365,2021-05-03/2021-05-09,7266
2366,2021-05-10/2021-05-16,7262
2367,2021-05-17/2021-05-23,7281
2368,2021-05-24/2021-05-30,7268
2369,2021-05-31/2021-06-06,7278
2370,2021-06-07/2021-06-13,7272
2371,2021-06-14/2021-06-20,7282
2372,2021-06-21/2021-06-27,5824
2373,2021-06-28/2021-07-04,7203
2374,2021-07-05/2021-07-11,7198
2375,2021-07-12/2021-07-18,7193
2376,2021-07-19/2021-07-25,7262
2377,2021-07-26/2021-08-01,5817
2378,2021-08-02/2021-08-08,7260
2379,2021-08-09/2021-08-15,7290
2380,2021-08-16/2021-08-22,7237
2381,2021-08-23/2021-08-29,7203
2382,2021-08-30/2021-09-05,7219
2383,2021-09-06/2021-09-12,7212
2384,2021-09-13/2021-09-19,7216
2385,2021-09-20/2021-09-26,7194
2386,2021-09-27/2021-10-03,5829
2387,2021-10-04/2021-10-10,6759
2388,2021-10-11/2021-10-17,6963
2389,2021-10-18/2021-10-24,7381
2390,2021-10-25/2021-10-31,6786
2391,2021-11-01/2021-11-07,6791
2392,2021-11-08/2021-11-14,6759
2393,2021-11-15/2021-11-21,6782
2394,2021-11-22/2021-11-28,6814
2395,2021-11-29/2021-12-05,6760
2396,2021-12-06/2021-12-12,6787
2397,2021-12-13/2021-12-19,5533
2398,2021-12-20/2021-12-26,4826
2399,2021-12-27/2022-01-02,6791
2400,2022-01-03/2022-01-09,6809
2401,2022-01-10/2022-01-16,5563
2402,2022-01-17/2022-01-23,5536
2403,2022-01-24/2022-01-30,5744
2404,2022-01-31/2022-02-06,7200
2405,2022-02-07/2022-02-13,5764
2406,2022-02-14/2022-02-20,7187
2407,2022-02-21/2022-02-27,7197
2408,2022-02-28/2022-03-06,7205
2409,2022-03-07/2022-03-13,7201
2410,2022-03-14/2022-03-20,5802
2411,2022-03-21/2022-03-27,7202
2412,2022-03-28/2022-04-03,7200
2413,2022-04-04/2022-04-10,7256
2414,2022-04-11/2022-04-17,7240
2415,2022-04-18/2022-04-24,7268
2416,2022-04-25/2022-05-01,7195
2417,2022-05-02/2022-05-08,7295
2418,2022-05-09/2022-05-15,7282
2419,2022-05-16/2022-05-22,7296
2420,2022-05-23/2022-05-29,7265
2421,2022-05-30/2022-06-05,7277
2422,2022-06-06/2022-06-12,7274
2423,2022-06-13/2022-06-19,7298
2424,2022-06-20/2022-06-26,5875
2425,2022-06-27/2022-07-03,7287
2426,2022-07-04/2022-07-10,7289
2427,2022-07-11/2022-07-17,7264
2428,2022-07-18/2022-07-24,7259
2429,2022-07-25/2022-07-31,4593
2430,2022-08-01/2022-08-07,7265
2431,2022-08-08/2022-08-14,7259
2432,2022-08-15/2022-08-21,7257
2433,2022-08-22/2022-08-28,7269
2434,2022-08-29/2022-09-04,7262
2435,2022-09-05/2022-09-11,7265
2436,2022-09-12/2022-09-18,7308
2437,2022-09-19/2022-09-25,7260
2438,2022-09-26/2022-10-02,5816
2439,2022-10-03/2022-10-09,7268
2440,2022-10-10/2022-10-16,7271
2441,2022-10-17/2022-10-23,8109
2442,2022-10-24/2022-10-30,6439
2443,2022-10-31/2022-11-06,7275
2444,2022-11-07/2022-11-13,7270
2445,2022-11-14/2022-11-20,7271
2446,2022-11-21/2022-11-27,7268
2447,2022-11-28/2022-12-04,7284
2448,2022-12-05/2022-12-11,7282
2449,2022-12-12/2022-12-18,5849
2450,2022-12-19/2022-12-25,5476
2451,2022-12-26/2023-01-01,7271
2452,2023-01-02/2023-01-08,7283
2453,2023-01-09/2023-01-15,7279
2454,2023-01-16/2023-01-22,5908
2455,2023-01-23/2023-01-29,5880
2456,2023-01-30/2023-02-05,7269
2457,2023-02-06/2023-02-12,5882
2458,2023-02-13/2023-02-19,7211
2459,2023-02-20/2023-02-26,7264
2460,2023-02-27/2023-03-05,7272
2461,2023-03-06/2023-03-12,6684
2462,2023-03-13/2023-03-19,5272
2463,2023-03-20/2023-03-26,5798
2464,2023-03-27/2023-04-02,5770
2465,2023-04-03/2023-04-09,5767
2466,2023-04-10/2023-04-16,5786
2467,2023-04-17/2023-04-23,5772
2468,2023-04-24/2023-04-30,6180
2469,2023-05-01/2023-05-07,3839
2470,2023-05-08/2023-05-14,6520
2471,2023-05-15/2023-05-21,6517
2472,2023-05-22/2023-05-28,6873
2473,2023-05-29/2023-06-04,6871
2474,2023-06-05/2023-06-11,6897
2475,2023-06-12/2023-06-18,7171
2476,2023-06-19/2023-06-25,6021
2477,2023-06-26/2023-07-02,7003
2478,2023-07-03/2023-07-09,7004
2479,2023-07-10/2023-07-16,4861
2480,2023-07-17/2023-07-23,6813
2481,2023-07-24/2023-07-30,5664
2482,2023-07-31/2023-08-06,5591
2483,2023-08-07/2023-08-13,7121
2484,2023-08-14/2023-08-20,7693
2485,2023-08-21/2023-08-27,8088
2486,2023-08-28/2023-09-03,7477
2487,2023-09-04/2023-09-10,8078
2488,2023-09-11/2023-09-17,7963
2489,2023-09-18/2023-09-24,7640
2490,2023-09-25/2023-10-01,5538
2491,2023-10-02/2023-10-08,8606
2492,2023-10-09/2023-10-15,7558
2493,2023-10-16/2023-10-22,7921
2494,2023-10-23/2023-10-29,8533
2495,2023-10-30/2023-11-05,5430
2496,2023-11-06/2023-11-12,7607
2497,2023-11-13/2023-11-19,6927
2498,2023-11-20/2023-11-26,7377
2499,2023-11-27/2023-12-03,7385
2500,2023-12-04/2023-12-10,7316
2501,2023-12-11/2023-12-17,5819
2502,2023-12-18/2023-12-24,6124
2503,2023-12-25/2023-12-31,7971
